time,card_mode,frames,frame_avg_ms,frame_max_ms,selected_max,ours_ms,card_calls,card_ms,card_checks_calls,card_checks_ms,client_copy_calls,client_copy_ms,panel_changed_calls,panel_changed_ms,panel_fill_calls,panel_fill_ms,wire_dim_calls,wire_dim_ms,health_bar_calls,health_bar_ms,health_bar_scan_calls,health_bar_scan_ms,circles_calls,circles_ms,build_active_calls,build_active_ms,next_selected_calls,next_selected_ms,view_calls,view_ms,plugin_frame_calls,plugin_frame_ms,local_remove_calls,local_remove_ms,remove_all_calls,remove_all_ms
2026-10-06 01:11:53.247,subgroup,72,56.21,64.65,400,5.216,3705.79,4.801,217.93,0.000,0.12,0.032,3363.61,0.000,0.47,0.009,78.83,0.006,23.94,0.000,0.00,0.000,0.00,0.000,0.12,0.060,0.00,0.000,0.00,0.000,1.00,0.308,0.31,0.058,0.31,0.001
2026-10-06 01:11:57.280,subgroup,72,56.02,64.80,393,10.713,7115.76,10.100,384.94,0.000,0.28,0.097,7115.29,0.000,0.94,0.052,160.58,0.012,62.28,0.000,0.00,0.000,0.00,0.000,0.36,0.106,0.00,0.000,0.00,0.000,1.00,0.340,0.67,0.107,0.67,0.006
2026-10-06 01:12:01.308,subgroup,72,55.95,64.05,366,11.090,7421.00,10.529,355.35,0.000,0.36,0.158,7420.44,0.000,0.92,0.017,151.25,0.032,62.97,0.000,0.00,0.000,0.00,0.000,0.46,0.086,0.00,0.000,0.00,0.000,1.00,0.240,0.90,0.087,0.90,0.028
2026-10-06 01:12:05.340,subgroup,72,55.99,64.03,334,11.535,7798.54,11.009,321.12,0.000,0.40,0.171,7797.83,0.000,0.96,0.017,158.12,0.012,81.49,0.000,0.00,0.000,0.00,0.000,0.51,0.089,0.00,0.000,0.00,0.000,1.00,0.233,1.12,0.102,1.12,0.003
2026-10-06 01:12:09.371,subgroup,72,55.99,64.23,296,10.317,6557.96,9.756,281.82,0.000,0.46,0.132,6557.29,0.000,1.00,0.018,165.00,0.013,110.62,0.000,0.00,0.000,0.00,0.000,0.56,0.128,0.00,0.000,0.00,0.000,1.00,0.257,1.19,0.129,1.19,0.013
2026-10-06 01:12:13.402,subgroup,72,55.99,63.83,257,9.619,6608.44,9.143,247.28,0.000,0.40,0.067,6607.65,0.000,0.99,0.031,162.71,0.012,76.31,0.000,0.00,0.000,0.00,0.000,0.43,0.078,0.00,0.000,0.00,0.000,1.00,0.279,1.21,0.079,1.21,0.009
2026-10-06 01:12:17.434,subgroup,72,56.00,66.09,226,9.277,6294.33,8.900,213.01,0.000,0.40,0.065,6293.60,0.000,0.99,0.020,162.71,0.039,73.08,0.000,0.00,0.000,0.00,0.000,0.49,0.086,0.00,0.000,0.00,0.000,1.00,0.164,1.08,0.087,1.08,0.003
2026-10-06 01:12:21.465,subgroup,72,55.99,65.14,266,11.273,7296.19,10.935,158.96,0.000,0.40,0.074,5507.33,0.000,0.81,0.032,132.04,0.010,54.46,0.000,0.00,0.000,0.00,0.000,0.53,0.041,0.00,0.000,0.00,0.000,1.00,0.175,1.15,0.040,1.15,0.007
2026-10-06 01:12:25.497,subgroup,72,55.99,64.50,255,9.652,6939.35,9.023,223.96,0.000,0.71,0.212,6938.64,0.000,1.03,0.018,169.58,0.049,107.35,0.000,0.00,0.000,0.00,0.000,1.19,0.127,0.00,0.000,0.00,0.000,1.00,0.214,1.17,0.127,1.17,0.009
2026-10-06 01:12:29.527,subgroup,72,55.98,66.50,171,11.493,7899.49,11.217,144.36,0.000,0.68,0.068,7898.81,0.000,1.03,0.018,169.58,0.012,62.71,0.000,0.00,0.000,0.00,0.000,1.00,0.052,0.00,0.000,0.00,0.000,1.00,0.124,0.97,0.053,0.97,0.002
2026-10-06 01:12:33.559,subgroup,72,56.00,64.83,100,14.326,10103.79,14.050,69.06,0.000,0.67,0.082,10103.12,0.000,1.01,0.016,94.75,0.007,35.53,0.000,0.00,0.000,0.00,0.000,1.04,0.051,0.00,0.000,0.00,0.000,1.00,0.119,1.03,0.052,1.03,0.002
2026-10-06 01:12:37.590,subgroup,72,55.98,63.61,26,14.573,10709.61,14.398,12.81,0.000,0.32,0.044,10303.85,0.000,0.76,0.009,8.99,0.001,3.31,0.000,0.00,0.000,0.00,0.000,0.38,0.004,0.00,0.000,0.00,0.000,1.00,0.116,0.39,0.004,0.39,0.001
2026-10-06 01:12:43.418,subgroup,72,55.33,312.38,0,0.350,0.22,0.000,0.00,0.000,0.00,0.000,0.00,0.000,0.00,0.000,0.00,0.000,0.00,0.000,0.00,0.000,0.00,0.000,0.00,0.000,0.00,0.000,0.00,0.000,1.01,0.349,0.32,0.000,0.32,0.001
2026-10-06 01:12:46.450,subgroup,72,42.11,48.98,400,2.921,1697.08,2.390,182.44,0.000,0.18,0.077,1696.50,0.000,0.44,0.008,71.04,0.005,35.53,0.000,0.00,0.000,0.00,0.000,0.22,0.106,0.00,0.000,0.00,0.000,1.00,0.332,0.82,0.105,0.82,0.003
2026-10-06 01:12:49.481,subgroup,72,42.10,51.92,400,6.247,3723.64,5.638,417.04,0.000,0.50,0.207,3722.93,0.000,1.04,0.019,171.88,0.013,99.18,0.000,0.00,0.000,0.00,0.000,0.74,0.100,0.00,0.000,0.00,0.000,1.00,0.267,1.07,0.098,1.07,0.003
2026-10-06 01:12:52.499,subgroup,72,41.91,51.75,400,6.229,3841.74,5.336,399.65,0.000,0.50,0.297,3841.01,0.000,1.01,0.052,167.29,0.012,96.14,0.000,0.00,0.000,0.00,0.000,0.75,0.129,0.00,0.000,0.00,0.000,1.00,0.399,1.11,0.128,1.11,0.004
2026-10-06 01:12:55.529,subgroup,72,42.07,51.65,400,6.242,3699.33,5.434,409.58,0.000,0.68,0.317,3698.57,0.000,1.04,0.018,172.33,0.013,90.92,0.000,0.00,0.000,0.00,0.000,0.85,0.167,0.00,0.000,0.00,0.000,1.00,0.275,1.17,0.166,1.17,0.017
2026-10-06 01:12:58.543,subgroup,72,41.88,50.57,400,6.183,3819.17,5.447,395.99,0.000,0.64,0.317,3818.42,0.000,1.01,0.020,167.29,0.012,95.40,0.000,0.00,0.000,0.00,0.000,0.94,0.204,0.00,0.000,0.00,0.000,1.00,0.178,1.18,0.204,1.18,0.004
2026-10-06 01:13:01.574,subgroup,72,42.09,49.60,392,7.106,4751.08,6.506,363.89,0.000,0.68,0.236,4750.40,0.000,1.03,0.018,167.29,0.013,98.07,0.000,0.00,0.000,0.00,0.000,1.28,0.142,0.00,0.000,0.00,0.000,1.00,0.185,1.24,0.143,1.24,0.006
2026-10-06 01:13:04.589,subgroup,72,41.89,50.60,303,6.924,4394.92,6.348,274.01,0.000,0.72,0.214,4394.19,0.000,1.01,0.018,167.29,0.017,93.24,0.000,0.00,0.000,0.00,0.000,1.07,0.165,0.00,0.000,0.00,0.000,1.00,0.160,1.04,0.165,1.04,0.003
2026-10-06 01:13:07.621,subgroup,72,42.10,54.33,227,7.286,4628.21,6.743,195.06,0.000,0.75,0.220,4627.46,0.000,1.03,0.017,165.00,0.012,103.39,0.000,0.00,0.000,0.00,0.000,1.17,0.145,0.00,0.000,0.00,0.000,1.00,0.145,1.15,0.146,1.15,0.003
2026-10-06 01:13:10.637,subgroup,72,41.89,49.42,146,6.297,4310.92,5.953,118.76,0.000,0.72,0.111,4310.19,0.000,1.04,0.018,159.22,0.012,56.49,0.000,0.00,0.000,0.00,0.000,1.07,0.058,0.00,0.000,0.00,0.000,1.00,0.143,1.03,0.058,1.03,0.002
2026-10-06 01:13:13.668,subgroup,72,42.10,49.50,73,9.232,6426.85,9.053,43.69,0.000,0.67,0.018,6426.18,0.000,1.03,0.014,49.65,0.004,20.74,0.000,0.00,0.000,0.00,0.000,0.97,0.034,0.00,0.000,0.00,0.000,1.00,0.107,0.96,0.035,0.96,0.002
2026-10-06 01:16:15.090,subgroup,72,51.87,64.70,5,3.293,2153.71,3.132,1.58,0.000,0.07,0.000,1838.90,0.000,0.19,0.002,0.61,0.000,0.08,0.000,0.00,0.000,0.00,0.000,0.07,0.000,0.00,0.000,0.00,0.000,1.01,0.148,14.85,0.001,14.85,0.010
2026-10-06 01:16:19.121,subgroup,72,55.98,64.20,0,0.061,0.00,0.000,0.00,0.000,0.00,0.000,0.00,0.000,0.00,0.000,0.00,0.000,0.00,0.000,0.00,0.000,0.00,0.000,0.00,0.000,0.00,0.000,0.00,0.000,1.00,0.061,0.00,0.000,0.00,0.000
2026-10-06 01:16:23.153,subgroup,72,56.00,67.03,0,0.093,0.00,0.000,0.00,0.000,0.00,0.000,0.00,0.000,0.00,0.000,0.00,0.000,0.00,0.000,0.00,0.000,0.00,0.000,0.00,0.000,0.00,0.000,0.00,0.000,1.00,0.093,0.00,0.000,0.00,0.000
2026-10-06 01:16:27.184,subgroup,72,55.99,64.57,0,0.067,0.00,0.000,0.00,0.000,0.00,0.000,0.00,0.000,0.00,0.000,0.00,0.000,0.00,0.000,0.00,0.000,0.00,0.000,0.00,0.000,0.00,0.000,0.00,0.000,1.00,0.067,0.00,0.000,0.00,0.000
2026-10-06 01:16:40.558,subgroup,72,55.99,64.59,0,0.193,0.11,0.000,0.00,0.000,0.00,0.000,0.00,0.000,0.00,0.000,0.00,0.000,0.00,0.000,0.00,0.000,0.00,0.000,0.00,0.000,0.00,0.000,0.00,0.000,1.01,0.169,12.29,0.001,12.29,0.024
2026-10-06 01:16:52.402,subgroup,72,56.20,65.68,0,0.184,0.38,0.000,0.00,0.000,0.00,0.000,0.00,0.000,0.00,0.000,0.00,0.000,0.00,0.000,0.00,0.000,0.00,0.000,0.00,0.000,0.00,0.000,0.00,0.000,1.01,0.182,2.53,0.000,2.53,0.002
2026-10-06 01:16:56.434,subgroup,72,56.00,64.39,400,7.919,6360.56,7.676,2.71,0.000,0.01,0.036,6360.54,0.000,0.01,0.001,2.47,0.000,5.56,0.000,0.00,0.000,0.00,0.000,0.01,0.002,0.00,0.000,0.00,0.000,1.00,0.204,0.00,0.000,0.00,0.000
2026-10-06 01:17:00.465,subgroup,72,55.99,64.30,400,12.675,10373.61,12.471,5.00,0.000,0.00,0.000,10373.61,0.000,0.00,0.000,21.50,0.002,0.00,0.000,0.00,0.000,0.00,0.000,0.00,0.000,0.00,0.000,0.00,0.000,1.00,0.202,0.00,0.000,0.00,0.000
2026-10-06 01:17:04.499,subgroup,72,56.03,65.88,400,16.697,12920.92,16.498,5.00,0.000,0.00,0.000,12920.89,0.000,0.03,0.001,3.08,0.000,0.00,0.000,0.00,0.000,0.00,0.000,0.00,0.000,0.00,0.000,0.00,0.000,1.00,0.199,0.00,0.000,0.00,0.000
2026-10-06 01:17:08.527,subgroup,72,55.95,66.64,400,10.822,7833.32,10.556,4.67,0.000,0.07,0.019,8659.83,0.000,0.12,0.002,20.62,0.002,34.39,0.000,0.00,0.000,0.00,0.000,0.40,0.036,11.14,0.000,0.03,0.001,1.00,0.205,0.86,0.037,0.86,0.002
2026-10-06 01:17:12.559,subgroup,72,55.99,67.35,367,10.415,7246.56,9.567,5.00,0.000,0.90,0.194,7245.58,0.000,1.00,0.023,159.47,0.042,354.82,0.000,0.00,0.000,0.00,0.000,4.21,0.413,0.00,0.000,0.00,0.000,1.00,0.143,8.90,0.424,8.90,0.033
2026-10-06 01:17:16.590,subgroup,72,55.98,65.12,62,9.775,7716.29,9.548,3.33,0.000,0.35,0.005,6964.69,0.000,0.67,0.008,11.00,0.001,15.29,0.000,0.00,0.000,0.00,0.000,0.94,0.027,0.00,0.000,0.00,0.000,1.00,0.183,1.93,0.028,1.93,0.003
2026-10-06 01:18:56.637,subgroup,72,56.20,64.35,0,0.551,0.03,0.000,0.00,0.000,0.00,0.000,0.00,0.000,0.00,0.000,0.00,0.000,0.00,0.000,0.00,0.000,0.00,0.000,0.00,0.000,0.00,0.000,0.00,0.000,1.01,0.551,0.00,0.000,0.00,0.000
2026-10-06 01:19:00.668,subgroup,72,55.98,64.35,400,13.821,6949.62,13.207,693.19,0.000,0.03,0.001,6630.56,0.000,0.01,0.000,3.21,0.000,5.56,0.000,0.00,0.000,0.00,0.000,0.03,0.002,0.00,0.000,0.00,0.000,1.00,0.611,0.00,0.000,0.00,0.000
2026-10-06 01:19:04.699,subgroup,72,55.99,68.24,400,18.173,9093.50,17.676,677.54,0.000,0.00,0.000,9093.49,0.000,0.01,0.000,2.29,0.000,0.00,0.000,0.00,0.000,0.00,0.000,0.00,0.000,0.00,0.000,0.00,0.000,1.00,0.497,0.00,0.000,0.00,0.000
2026-10-06 01:19:08.077,subgroup,72,46.92,65.35,400,14.285,7560.57,13.835,428.17,0.000,0.00,0.000,7560.57,0.000,0.00,0.000,0.00,0.000,0.00,0.000,0.00,0.000,0.00,0.000,0.00,0.000,5.57,0.000,0.01,0.001,1.00,0.449,0.00,0.000,0.00,0.000
2026-10-06 01:19:11.107,subgroup,72,42.08,51.08,400,10.732,6285.35,10.146,1629.15,0.000,0.00,0.000,6285.00,0.000,0.35,0.006,57.29,0.004,38.89,0.000,0.00,0.000,0.00,0.000,0.00,0.000,38.99,0.000,0.10,0.009,1.00,0.567,0.03,0.000,0.03,0.000
2026-10-06 01:19:14.121,subgroup,72,41.86,56.00,400,11.455,6155.14,10.848,1643.40,0.000,0.00,0.000,6154.56,0.000,0.58,0.017,96.25,0.007,33.33,0.000,0.00,0.000,0.00,0.000,0.00,0.000,33.42,0.000,0.08,0.004,1.00,0.576,1.14,0.000,1.14,0.003
2026-10-06 01:19:17.152,subgroup,72,42.10,51.38,400,11.607,7513.62,11.226,1345.67,0.000,0.00,0.000,7513.12,0.000,0.50,0.011,82.50,0.006,44.44,0.000,0.00,0.000,0.00,0.000,0.00,0.000,38.99,0.000,0.11,0.005,1.00,0.346,0.93,0.000,0.93,0.012
2026-10-06 01:19:20.168,subgroup,72,41.88,50.85,400,11.057,6007.44,10.438,1424.39,0.000,0.00,0.000,6006.74,0.000,0.71,0.022,116.88,0.009,38.89,0.000,0.00,0.000,0.00,0.000,0.00,0.000,50.12,0.000,0.11,0.005,1.00,0.580,1.35,0.000,1.35,0.004
2026-10-06 01:19:23.199,subgroup,72,42.10,48.63,400,12.911,7694.46,12.356,1011.75,0.000,0.00,0.000,7693.86,0.000,0.60,0.011,98.54,0.007,22.22,0.000,0.00,0.000,0.00,0.000,0.00,0.000,16.71,0.000,0.04,0.002,1.00,0.530,1.22,0.000,1.22,0.006
2026-10-06 01:21:44.965,subgroup,72,51.00,63.91,400,9.245,5668.81,8.819,157.89,0.000,0.00,0.000,5668.67,0.000,0.11,0.002,18.33,0.001,0.00,0.000,0.00,0.000,0.00,0.000,0.00,0.000,0.00,0.000,0.00,0.000,1.01,0.422,0.24,0.000,0.24,0.001
2026-10-06 01:21:48.996,subgroup,72,55.99,64.35,0,0.506,0.00,0.000,0.00,0.000,0.00,0.000,0.00,0.000,0.00,0.000,0.00,0.000,0.00,0.000,0.00,0.000,0.00,0.000,0.00,0.000,0.00,0.000,0.00,0.000,1.00,0.506,0.00,0.000,0.00,0.000
2026-10-06 01:22:22.184,subgroup,72,56.00,64.82,0,0.495,0.03,0.000,0.00,0.000,0.00,0.000,0.00,0.000,0.00,0.000,0.00,0.000,0.00,0.000,0.00,0.000,0.00,0.000,0.00,0.000,0.00,0.000,0.00,0.000,1.01,0.495,0.00,0.000,0.00,0.000
2026-10-06 01:22:26.215,subgroup,72,55.98,64.62,384,6.968,4265.65,6.552,343.56,0.000,0.03,0.001,3702.06,0.000,0.01,0.000,3.21,0.000,5.33,0.000,0.00,0.000,0.00,0.000,0.03,0.004,0.00,0.000,0.00,0.000,1.00,0.411,0.00,0.000,0.00,0.000
2026-10-06 01:22:46.855,subgroup,72,55.97,65.98,384,6.220,3612.83,5.842,236.19,0.000,0.00,0.000,3612.81,0.000,0.00,0.000,0.00,0.000,0.00,0.000,0.00,0.000,0.00,0.000,0.00,0.000,0.00,0.000,0.00,0.000,1.01,0.378,0.00,0.000,0.00,0.000
2026-10-06 01:22:50.888,subgroup,72,56.02,64.70,400,9.040,5782.54,8.765,547.85,0.000,0.03,0.001,5424.25,0.000,0.01,0.000,3.21,0.000,5.56,0.000,0.00,0.000,0.00,0.000,0.03,0.002,0.00,0.000,0.00,0.000,1.00,0.271,0.00,0.000,0.00,0.000
2026-10-06 01:22:54.918,subgroup,72,55.96,65.08,400,12.874,8134.74,12.511,478.04,0.000,0.00,0.000,8134.72,0.000,0.01,0.000,2.29,0.000,0.00,0.000,0.00,0.000,0.00,0.000,0.00,0.000,0.00,0.000,0.00,0.000,1.00,0.362,0.00,0.000,0.00,0.000
2026-10-06 01:22:58.871,subgroup,72,54.91,70.34,400,15.815,9317.38,15.509,1536.50,0.000,0.00,0.000,9317.36,0.000,0.01,0.000,2.29,0.000,5.56,0.000,2.01,0.000,0.00,0.000,0.00,0.000,61.26,0.000,0.15,0.007,1.00,0.299,0.00,0.000,0.00,0.000
2026-10-06 01:23:01.902,subgroup,72,42.10,50.85,400,10.411,6620.46,9.981,1519.88,0.000,0.00,0.000,6620.43,0.000,0.03,0.000,4.58,0.000,11.11,0.000,4.03,0.000,0.00,0.000,0.00,0.000,61.26,0.000,0.15,0.007,1.00,0.422,0.00,0.000,0.00,0.000
2026-10-06 01:23:04.919,subgroup,72,41.89,50.16,400,9.997,6349.60,9.755,1603.00,0.000,0.00,0.000,6349.60,0.000,0.00,0.000,0.00,0.000,0.00,0.000,0.00,0.000,0.00,0.000,0.00,0.000,83.54,0.000,0.21,0.022,1.00,0.219,0.00,0.000,0.00,0.000
2026-10-06 01:23:07.949,subgroup,72,42.09,51.03,400,10.141,6328.31,9.852,1453.38,0.000,0.00,0.000,6328.28,0.000,0.03,0.000,4.58,0.000,11.11,0.000,4.03,0.000,0.00,0.000,0.00,0.000,77.97,0.000,0.19,0.009,1.00,0.279,0.00,0.000,0.00,0.000
2026-10-06 01:23:10.965,subgroup,72,41.89,49.82,400,10.025,5953.61,9.688,1603.00,0.000,0.00,0.000,5953.61,0.000,0.00,0.000,0.00,0.000,0.00,0.000,0.00,0.000,0.00,0.000,0.00,0.000,77.97,0.000,0.19,0.013,1.00,0.324,0.00,0.000,0.00,0.000
2026-10-06 01:23:13.997,subgroup,72,42.11,49.82,400,10.275,6671.76,10.033,1470.00,0.000,0.00,0.000,6671.74,0.000,0.03,0.001,4.58,0.000,11.11,0.000,4.03,0.000,0.00,0.000,0.00,0.000,72.40,0.000,0.18,0.008,1.00,0.233,0.00,0.000,0.00,0.000
2026-10-06 01:23:17.027,subgroup,72,42.08,50.96,400,10.407,6301.36,10.006,1603.00,0.000,0.00,0.000,6301.36,0.000,0.00,0.000,0.00,0.000,0.00,0.000,0.00,0.000,0.00,0.000,0.00,0.000,77.97,0.000,0.19,0.012,1.00,0.389,0.00,0.000,0.00,0.000
2026-10-06 01:23:20.044,subgroup,72,41.90,49.03,400,10.901,6877.10,10.641,1054.38,0.000,0.00,0.000,6877.07,0.000,0.03,0.000,4.58,0.000,11.11,0.000,4.03,0.000,0.00,0.000,0.00,0.000,5.57,0.000,0.01,0.001,1.00,0.259,0.00,0.000,0.00,0.000
2026-10-06 01:23:23.076,subgroup,72,42.12,48.75,400,10.008,6224.25,9.674,1603.00,0.000,0.00,0.000,6224.25,0.000,0.00,0.000,0.00,0.000,0.00,0.000,0.00,0.000,0.00,0.000,0.00,0.000,44.56,0.000,0.11,0.010,1.00,0.324,0.00,0.000,0.00,0.000
