time,card_mode,frames,frame_avg_ms,frame_max_ms,selected_max,ours_ms,card_calls,card_ms,card_checks_calls,card_checks_ms,client_copy_calls,client_copy_ms,panel_changed_calls,panel_changed_ms,panel_fill_calls,panel_fill_ms,wire_dim_calls,wire_dim_ms,health_bar_calls,health_bar_ms,health_bar_scan_calls,health_bar_scan_ms,circles_calls,circles_ms,build_active_calls,build_active_ms,next_selected_calls,next_selected_ms,view_calls,view_ms,plugin_frame_calls,plugin_frame_ms
2026-10-06 00:20:26.105,subgroup,72,56.20,65.22,400,6.211,78.68,5.739,63315.49,0.000,0.01,0.000,78.64,0.000,0.01,0.001,2.29,0.000,5.56,0.000,2.01,0.000,0.00,0.000,0.01,0.016,0.00,0.000,0.00,0.000,1.00,0.455
2026-10-06 00:20:30.136,subgroup,72,55.99,67.80,400,40.726,614.85,40.444,494952.01,0.000,0.00,0.000,614.85,0.000,0.00,0.000,0.00,0.000,0.00,0.000,0.00,0.000,0.00,0.000,0.00,0.000,33.42,0.000,0.00,0.000,1.00,0.282
2026-10-06 00:20:34.168,subgroup,72,55.99,64.83,400,47.850,722.71,47.568,581780.21,0.000,0.00,0.000,722.71,0.000,0.00,0.000,0.00,0.000,0.00,0.000,0.00,0.000,0.00,0.000,0.00,0.000,5.57,0.000,0.01,0.000,1.00,0.282
2026-10-06 00:20:38.199,subgroup,72,55.98,64.54,400,49.058,710.17,48.739,571684.17,0.000,0.00,0.000,710.17,0.000,0.00,0.000,0.00,0.000,0.00,0.000,0.00,0.000,0.00,0.000,0.00,0.000,0.00,0.000,0.00,0.000,1.00,0.319
2026-10-06 00:20:42.232,subgroup,72,56.02,64.72,400,48.783,701.53,48.434,564729.86,0.000,0.00,0.000,701.53,0.000,0.00,0.000,0.00,0.000,0.00,0.000,0.00,0.000,0.00,0.000,0.00,0.000,0.00,0.000,0.00,0.000,1.00,0.350
2026-10-06 00:20:46.261,subgroup,72,55.96,63.93,400,49.363,757.57,49.077,609843.40,0.000,0.00,0.000,757.57,0.000,0.00,0.000,0.00,0.000,0.00,0.000,0.00,0.000,0.00,0.000,0.00,0.000,0.00,0.000,0.00,0.000,1.00,0.285
2026-10-06 00:20:50.293,subgroup,72,55.99,63.39,400,49.356,737.26,48.994,593497.43,0.000,0.00,0.000,737.26,0.000,0.00,0.000,0.00,0.000,0.00,0.000,0.00,0.000,0.00,0.000,0.00,0.000,0.00,0.000,0.00,0.000,1.00,0.362
2026-10-06 00:20:54.324,subgroup,72,55.99,64.68,400,48.882,734.04,48.596,590903.54,0.000,0.00,0.000,734.04,0.000,0.00,0.000,0.00,0.000,0.00,0.000,0.00,0.000,0.00,0.000,0.00,0.000,0.00,0.000,0.00,0.000,1.00,0.286
2026-10-06 00:20:58.355,subgroup,72,55.99,63.09,400,49.448,780.32,49.147,628157.15,0.000,0.00,0.000,780.32,0.000,0.00,0.000,0.00,0.000,0.00,0.000,0.00,0.000,0.00,0.000,0.00,0.000,0.00,0.000,0.00,0.000,1.00,0.301
2026-10-06 00:21:02.387,subgroup,72,56.00,67.09,400,48.521,657.61,48.183,529376.94,0.000,0.00,0.000,657.61,0.000,0.00,0.000,0.00,0.000,0.00,0.000,0.00,0.000,0.00,0.000,0.00,0.000,0.00,0.000,0.00,0.000,1.00,0.339
2026-10-06 00:21:06.418,subgroup,72,55.98,65.59,400,40.746,500.99,40.455,403293.82,0.000,0.00,0.000,500.99,0.000,0.00,0.000,0.00,0.000,0.00,0.000,0.00,0.000,0.00,0.000,0.00,0.000,33.42,0.000,0.00,0.000,1.00,0.290
2026-10-06 00:21:14.090,leader,72,55.97,66.21,400,9.844,5186.17,9.439,0.00,0.000,0.00,0.000,5186.17,0.000,0.00,0.000,0.00,0.000,0.00,0.000,0.00,0.000,0.00,0.000,0.00,0.000,22.28,0.000,0.00,0.000,0.99,0.405
2026-10-06 00:21:18.121,leader,72,55.99,66.36,400,9.099,4670.08,8.645,0.00,0.000,0.00,0.000,4670.08,0.000,0.00,0.000,0.00,0.000,0.00,0.000,0.00,0.000,0.00,0.000,0.00,0.000,44.56,0.000,0.00,0.000,1.00,0.454
2026-10-06 00:21:22.153,leader,72,56.00,91.77,400,9.478,4612.67,9.091,0.00,0.000,0.01,0.005,5407.61,0.000,0.04,0.001,6.88,0.001,5.54,0.000,2.00,0.000,0.00,0.000,0.01,0.003,22.28,0.000,0.06,0.000,1.00,0.378
2026-10-06 00:21:26.184,leader,72,55.99,64.93,399,9.924,5304.57,9.493,0.00,0.000,0.00,0.000,5488.06,0.000,0.10,0.002,16.04,0.001,0.00,0.000,0.00,0.000,0.00,0.000,0.00,0.000,11.11,0.000,0.03,0.000,1.00,0.428
2026-10-06 00:21:30.215,leader,72,55.98,65.60,400,9.774,4949.54,9.421,0.00,0.000,0.01,0.000,4949.53,0.000,0.01,0.000,2.29,0.000,5.56,0.000,2.01,0.000,0.00,0.000,0.01,0.004,11.14,0.000,0.01,0.000,1.00,0.349
2026-10-06 00:21:34.246,leader,72,55.99,65.03,400,16.084,11242.14,15.807,0.00,0.000,0.00,0.000,11242.14,0.000,0.00,0.000,0.00,0.000,0.00,0.000,0.00,0.000,0.00,0.000,0.00,0.000,5.57,0.000,0.00,0.000,1.00,0.277
2026-10-06 00:21:38.277,leader,72,56.00,65.24,400,13.794,9649.29,13.398,0.00,0.000,0.00,0.000,9649.29,0.000,0.00,0.000,0.00,0.000,0.00,0.000,0.00,0.000,0.00,0.000,0.00,0.000,22.28,0.000,0.00,0.000,1.00,0.396
2026-10-06 00:21:42.310,leader,72,56.01,65.90,400,10.193,5488.49,9.719,0.00,0.000,0.00,0.000,5488.49,0.000,0.00,0.000,9.22,0.001,0.00,0.000,0.00,0.000,0.00,0.000,0.00,0.000,22.28,0.000,0.00,0.000,1.00,0.473
2026-10-06 00:21:46.340,leader,72,55.97,69.18,400,8.678,4519.88,8.258,0.00,0.000,0.00,0.000,4519.88,0.000,0.00,0.000,0.00,0.000,0.00,0.000,0.00,0.000,0.00,0.000,0.00,0.000,16.71,0.000,0.01,0.000,1.00,0.419
2026-10-06 00:21:50.371,leader,72,55.99,64.98,400,15.149,10177.26,14.758,0.00,0.000,0.01,0.000,10177.25,0.000,0.01,0.000,0.33,0.000,0.17,0.000,0.00,0.000,0.00,0.000,0.01,0.002,0.00,0.000,0.00,0.000,1.00,0.389
2026-10-06 00:21:54.403,leader,72,56.00,65.57,12,13.774,9842.65,13.425,0.00,0.000,0.00,0.000,9842.65,0.000,0.00,0.000,0.00,0.000,0.00,0.000,0.00,0.000,0.00,0.000,0.00,0.000,1.44,0.000,0.00,0.000,1.00,0.349
2026-10-06 00:21:58.450,leader,72,56.21,64.90,12,13.169,8958.00,12.780,0.00,0.000,0.00,0.000,8958.00,0.000,0.00,0.000,0.00,0.000,0.00,0.000,0.00,0.000,0.00,0.000,0.00,0.000,1.44,0.000,0.00,0.000,1.00,0.388
2026-10-06 00:22:02.449,leader,72,55.54,66.00,12,13.010,9186.96,12.689,0.00,0.000,0.00,0.000,9186.96,0.000,0.00,0.000,0.00,0.000,0.00,0.000,0.00,0.000,0.00,0.000,0.00,0.000,0.90,0.000,0.01,0.000,1.00,0.321
2026-10-06 00:22:05.465,leader,72,41.90,49.15,12,10.103,6502.78,9.741,0.00,0.000,0.00,0.000,6502.78,0.000,0.00,0.000,0.00,0.000,0.00,0.000,0.00,0.000,0.00,0.000,0.00,0.000,0.00,0.000,0.00,0.000,1.00,0.361
2026-10-06 00:22:08.497,leader,72,42.10,49.55,12,11.516,7030.85,11.216,0.00,0.000,0.00,0.000,7030.85,0.000,0.00,0.000,0.00,0.000,0.00,0.000,0.00,0.000,0.00,0.000,0.00,0.000,0.00,0.000,0.00,0.000,1.00,0.301
2026-10-06 00:22:11.512,leader,72,41.88,49.56,12,11.468,7566.72,11.037,0.00,0.000,0.00,0.000,7566.72,0.000,0.00,0.000,0.00,0.000,0.00,0.000,0.00,0.000,0.00,0.000,0.00,0.000,0.00,0.000,0.00,0.000,1.00,0.430
2026-10-06 00:22:14.543,leader,72,42.10,48.67,12,11.224,6870.53,10.878,0.00,0.000,0.00,0.000,6870.53,0.000,0.00,0.000,0.00,0.000,0.00,0.000,0.00,0.000,0.00,0.000,0.00,0.000,0.00,0.000,0.00,0.000,1.00,0.346
2026-10-06 00:22:17.560,leader,72,41.90,51.10,12,11.103,6598.47,10.604,0.00,0.000,0.00,0.000,6598.47,0.000,0.00,0.000,0.00,0.000,0.00,0.000,0.00,0.000,0.00,0.000,0.00,0.000,0.00,0.000,0.00,0.000,1.00,0.499
2026-10-06 00:22:20.590,leader,72,42.08,49.95,12,11.623,7510.47,11.334,0.00,0.000,0.00,0.000,7510.47,0.000,0.00,0.000,0.00,0.000,0.00,0.000,0.00,0.000,0.00,0.000,0.00,0.000,0.00,0.000,0.00,0.000,1.00,0.289
2026-10-06 00:22:23.605,leader,72,41.88,51.86,12,11.979,8296.49,11.642,0.00,0.000,0.00,0.000,8296.49,0.000,0.00,0.000,0.00,0.000,0.00,0.000,0.00,0.000,0.00,0.000,0.00,0.000,0.00,0.000,0.00,0.000,1.00,0.337
2026-10-06 00:22:26.637,leader,72,42.11,52.33,12,11.642,7439.28,11.282,0.00,0.000,0.00,0.000,7439.28,0.000,0.00,0.000,0.00,0.000,0.00,0.000,0.00,0.000,0.00,0.000,0.00,0.000,0.00,0.000,0.00,0.000,1.00,0.360
2026-10-06 00:22:31.355,leader,72,45.79,250.70,12,21.978,15438.38,21.537,0.00,0.000,0.00,0.000,15438.35,0.000,0.00,0.000,0.00,0.000,0.00,0.000,0.00,0.000,0.00,0.000,0.00,0.000,0.00,0.000,0.00,0.000,1.01,0.441
2026-10-06 00:22:35.387,leader,72,56.00,66.80,0,0.277,0.00,0.000,0.00,0.000,0.00,0.000,0.00,0.000,0.00,0.000,0.00,0.000,0.00,0.000,0.00,0.000,0.00,0.000,0.00,0.000,0.00,0.000,0.00,0.000,1.00,0.277
2026-10-06 00:22:39.418,leader,72,55.99,65.05,0,0.384,0.00,0.000,0.00,0.000,0.00,0.000,0.00,0.000,0.00,0.000,0.00,0.000,0.00,0.000,0.00,0.000,0.00,0.000,0.00,0.000,0.00,0.000,0.00,0.000,1.00,0.384
2026-10-06 00:22:42.465,leader,72,42.33,49.41,0,0.322,0.00,0.000,0.00,0.000,0.00,0.000,0.00,0.000,0.00,0.000,0.00,0.000,0.00,0.000,0.00,0.000,0.00,0.000,0.00,0.000,0.00,0.000,0.00,0.000,1.00,0.322
2026-10-06 00:22:45.496,leader,72,42.09,49.50,0,0.315,0.00,0.000,0.00,0.000,0.00,0.000,0.00,0.000,0.00,0.000,0.00,0.000,0.00,0.000,0.00,0.000,0.00,0.000,0.00,0.000,0.00,0.000,0.00,0.000,1.00,0.315
2026-10-06 00:22:48.514,leader,72,41.92,50.36,400,6.757,3892.11,6.383,0.00,0.000,0.01,0.000,3892.10,0.000,0.01,0.000,2.29,0.000,5.56,0.000,2.01,0.000,0.00,0.000,0.01,0.002,55.69,0.000,0.00,0.000,1.00,0.371
2026-10-06 00:22:51.543,leader,72,42.08,49.61,400,7.322,4400.86,6.955,0.00,0.000,0.00,0.000,4400.86,0.000,0.00,0.000,0.00,0.000,0.00,0.000,0.00,0.000,0.00,0.000,0.00,0.000,55.69,0.000,0.00,0.000,1.00,0.366
2026-10-06 00:22:54.560,leader,72,41.89,50.25,400,6.231,4288.17,5.891,0.00,0.000,0.00,0.000,4288.17,0.000,0.00,0.000,0.00,0.000,0.00,0.000,0.00,0.000,0.00,0.000,0.00,0.000,22.28,0.000,0.00,0.000,1.00,0.340
2026-10-06 00:22:57.590,leader,72,42.08,48.75,400,8.128,5691.50,7.829,0.00,0.000,0.00,0.000,5691.50,0.000,0.00,0.000,0.00,0.000,0.00,0.000,0.00,0.000,0.00,0.000,0.00,0.000,22.28,0.000,0.00,0.000,1.00,0.298
2026-10-06 00:23:00.606,leader,72,41.89,51.17,400,7.935,5293.89,7.540,0.00,0.000,0.00,0.000,5293.89,0.000,0.00,0.000,0.00,0.000,0.00,0.000,0.00,0.000,0.00,0.000,0.00,0.000,16.71,0.000,0.01,0.000,1.00,0.395
2026-10-06 00:23:03.762,subgroup,72,42.10,50.58,400,30.152,369.78,29.735,297671.11,0.000,0.00,0.000,369.78,0.000,0.00,0.000,0.00,0.000,0.00,0.000,0.00,0.000,0.00,0.000,0.00,0.000,11.14,0.000,0.00,0.000,0.99,0.417
2026-10-06 00:23:06.777,subgroup,72,41.88,50.83,400,25.427,311.00,25.143,250355.00,0.000,0.00,0.000,311.00,0.000,0.00,0.000,0.00,0.000,0.00,0.000,0.00,0.000,0.00,0.000,0.00,0.000,44.56,0.000,0.00,0.000,1.00,0.284
2026-10-06 00:23:09.810,subgroup,72,42.12,60.24,400,26.033,309.61,25.628,249236.94,0.000,0.00,0.000,309.61,0.000,0.00,0.000,0.00,0.000,0.00,0.000,0.00,0.000,0.00,0.000,0.00,0.000,22.28,0.000,0.00,0.000,1.00,0.405
2026-10-06 00:23:12.826,subgroup,72,41.86,50.19,400,24.349,293.24,23.966,236055.07,0.000,0.00,0.000,293.24,0.000,0.00,0.000,0.00,0.000,0.00,0.000,0.00,0.000,0.00,0.000,0.00,0.000,44.56,0.000,0.00,0.000,1.00,0.383
2026-10-06 00:23:15.855,subgroup,72,42.10,49.56,400,27.780,341.29,27.428,274739.79,0.000,0.00,0.000,341.29,0.000,0.00,0.000,0.00,0.000,0.00,0.000,0.00,0.000,0.00,0.000,0.00,0.000,5.57,0.000,0.01,0.000,1.00,0.352
2026-10-06 00:23:18.871,subgroup,72,41.88,50.98,400,24.097,1662.67,23.679,198890.67,0.000,0.01,0.000,1662.65,0.000,0.01,0.000,0.33,0.000,0.17,0.000,0.00,0.000,0.00,0.000,0.01,0.002,1.08,0.000,0.00,0.000,1.00,0.416
2026-10-06 00:23:21.903,subgroup,72,42.11,51.52,12,16.569,2827.25,16.046,81990.25,0.000,0.00,0.000,2827.25,0.000,0.00,0.000,0.00,0.000,0.00,0.000,0.00,0.000,0.00,0.000,0.00,0.000,2.53,0.000,0.00,0.000,1.00,0.523
2026-10-06 00:23:24.933,subgroup,72,42.09,49.86,12,15.445,2720.12,15.053,78883.62,0.000,0.00,0.000,2720.12,0.000,0.00,0.000,0.00,0.000,0.00,0.000,0.00,0.000,0.00,0.000,0.00,0.000,1.44,0.000,0.00,0.000,1.00,0.392
2026-10-06 00:23:27.951,subgroup,72,41.91,51.62,12,15.857,2735.61,15.494,79332.72,0.000,0.00,0.000,2735.61,0.000,0.00,0.000,0.00,0.000,0.00,0.000,0.00,0.000,0.00,0.000,0.00,0.000,2.17,0.000,0.00,0.000,1.00,0.363
2026-10-06 00:23:30.981,subgroup,72,42.09,49.73,12,15.324,2844.14,14.893,82480.03,0.000,0.00,0.000,2844.14,0.000,0.00,0.000,0.00,0.000,0.00,0.000,0.00,0.000,0.00,0.000,0.00,0.000,1.81,0.000,0.00,0.000,1.00,0.431
2026-10-06 00:23:33.997,subgroup,72,41.88,48.82,12,19.702,4637.17,19.409,134477.83,0.000,0.00,0.000,4637.17,0.000,0.00,0.000,0.00,0.000,0.00,0.000,0.00,0.000,0.00,0.000,0.00,0.000,0.18,0.000,0.01,0.000,1.00,0.293
2026-10-06 00:23:37.027,subgroup,72,42.09,50.63,12,19.858,4319.51,19.495,125265.90,0.000,0.00,0.000,4319.51,0.000,0.00,0.000,0.00,0.000,0.00,0.000,0.00,0.000,0.00,0.000,0.00,0.000,0.00,0.000,0.00,0.000,1.00,0.362
2026-10-06 00:23:40.043,subgroup,72,41.89,50.91,12,20.757,4927.32,20.396,142892.26,0.000,0.00,0.000,4927.32,0.000,0.00,0.000,0.00,0.000,0.00,0.000,0.00,0.000,0.00,0.000,0.00,0.000,0.00,0.000,0.00,0.000,1.00,0.361
2026-10-06 00:23:43.075,subgroup,72,42.10,49.40,12,19.715,4343.10,19.364,125949.82,0.000,0.00,0.000,4343.10,0.000,0.00,0.000,0.00,0.000,0.00,0.000,0.00,0.000,0.00,0.000,0.00,0.000,0.00,0.000,0.00,0.000,1.00,0.351
2026-10-06 00:23:46.090,subgroup,72,41.88,48.37,12,21.305,5026.56,21.007,145770.11,0.000,0.00,0.000,5026.56,0.000,0.00,0.000,0.00,0.000,0.00,0.000,0.00,0.000,0.00,0.000,0.00,0.000,0.00,0.000,0.00,0.000,1.00,0.298
2026-10-06 00:23:49.121,subgroup,72,42.09,48.72,12,20.715,5096.58,20.389,147800.92,0.000,0.00,0.000,5096.58,0.000,0.00,0.000,0.00,0.000,0.00,0.000,0.00,0.000,0.00,0.000,0.00,0.000,0.00,0.000,0.00,0.000,1.00,0.326
2026-10-06 00:23:52.137,subgroup,72,41.89,48.70,12,20.435,4850.28,20.086,140658.06,0.000,0.00,0.000,4850.28,0.000,0.00,0.000,0.00,0.000,0.00,0.000,0.00,0.000,0.00,0.000,0.00,0.000,0.00,0.000,0.00,0.000,1.00,0.349
2026-10-06 00:23:55.168,subgroup,72,42.11,50.42,12,19.583,4756.32,19.252,137933.26,0.000,0.00,0.000,4756.32,0.000,0.00,0.000,0.00,0.000,0.00,0.000,0.00,0.000,0.00,0.000,0.00,0.000,0.00,0.000,0.00,0.000,1.00,0.332
2026-10-06 00:23:58.184,subgroup,72,41.89,48.26,12,21.157,5968.12,20.879,173075.62,0.000,0.00,0.000,5968.12,0.000,0.00,0.000,0.00,0.000,0.00,0.000,0.00,0.000,0.00,0.000,0.00,0.000,0.00,0.000,0.00,0.000,1.00,0.278
2026-10-06 00:24:01.215,subgroup,72,42.09,48.17,12,20.126,4301.57,19.801,124745.51,0.000,0.00,0.000,4301.57,0.000,0.00,0.000,0.00,0.000,0.00,0.000,0.00,0.000,0.00,0.000,0.00,0.000,0.00,0.000,0.00,0.000,1.00,0.325
2026-10-06 00:24:04.246,subgroup,72,42.12,51.33,12,19.508,3995.88,19.142,115880.38,0.000,0.00,0.000,3995.88,0.000,0.00,0.000,0.00,0.000,0.00,0.000,0.00,0.000,0.00,0.000,0.00,0.000,0.00,0.000,0.00,0.000,1.00,0.366
2026-10-06 00:24:07.262,subgroup,72,41.87,51.05,12,18.578,3780.78,18.180,109642.56,0.000,0.00,0.000,3780.78,0.000,0.00,0.000,0.00,0.000,0.00,0.000,0.00,0.000,0.00,0.000,0.00,0.000,0.00,0.000,0.00,0.000,1.00,0.398
2026-10-06 00:24:10.294,subgroup,72,42.11,49.93,12,19.943,4058.72,19.583,117702.94,0.000,0.00,0.000,4058.72,0.000,0.00,0.000,0.00,0.000,0.00,0.000,0.00,0.000,0.00,0.000,0.00,0.000,0.00,0.000,0.00,0.000,1.00,0.361
2026-10-06 00:24:13.321,subgroup,72,42.04,54.61,12,19.165,3669.24,18.832,106407.85,0.000,0.00,0.000,3669.24,0.000,0.00,0.000,0.00,0.000,0.00,0.000,0.00,0.000,0.00,0.000,0.00,0.000,0.00,0.000,0.00,0.000,1.00,0.333
2026-10-06 00:24:16.341,subgroup,72,41.95,57.94,12,19.355,3201.88,18.874,92854.38,0.000,0.00,0.000,3201.88,0.000,0.00,0.000,0.00,0.000,0.00,0.000,0.00,0.000,0.00,0.000,0.00,0.000,0.00,0.000,0.00,0.000,1.00,0.481
2026-10-06 00:24:19.359,subgroup,72,41.93,60.05,12,19.727,3638.39,19.275,105513.28,0.000,0.00,0.000,3638.39,0.000,0.00,0.000,0.00,0.000,0.00,0.000,0.00,0.000,0.00,0.000,0.00,0.000,0.00,0.000,0.00,0.000,1.00,0.452
2026-10-06 00:24:22.388,subgroup,72,42.06,59.22,12,18.622,3280.15,18.090,95124.43,0.000,0.00,0.000,3280.15,0.000,0.00,0.000,0.00,0.000,0.00,0.000,0.00,0.000,0.00,0.000,0.00,0.000,0.00,0.000,0.00,0.000,1.00,0.533
2026-10-06 00:24:25.402,subgroup,72,41.87,52.89,12,18.761,3434.43,18.363,99598.49,0.000,0.00,0.000,3434.43,0.000,0.00,0.000,0.00,0.000,0.00,0.000,0.00,0.000,0.00,0.000,0.00,0.000,0.00,0.000,0.00,0.000,1.00,0.398
2026-10-06 00:24:28.443,subgroup,72,42.23,57.38,12,19.767,3595.69,19.273,104275.14,0.000,0.00,0.000,3595.69,0.000,0.00,0.000,0.00,0.000,0.00,0.000,0.00,0.000,0.00,0.000,0.00,0.000,0.00,0.000,0.00,0.000,1.00,0.495
2026-10-06 00:24:31.463,subgroup,72,41.94,59.49,12,18.851,3454.19,18.381,100171.64,0.000,0.00,0.000,3454.19,0.000,0.00,0.000,0.00,0.000,0.00,0.000,0.00,0.000,0.00,0.000,0.00,0.000,0.00,0.000,0.00,0.000,1.00,0.471
2026-10-06 00:24:34.488,subgroup,72,42.01,57.38,12,18.719,3366.11,18.263,97617.22,0.000,0.00,0.000,3366.11,0.000,0.00,0.000,0.00,0.000,0.00,0.000,0.00,0.000,0.00,0.000,0.00,0.000,0.00,0.000,0.00,0.000,1.00,0.456
2026-10-06 00:24:37.504,subgroup,72,41.89,54.58,12,20.586,4162.01,20.170,120698.40,0.000,0.00,0.000,4162.01,0.000,0.00,0.000,0.00,0.000,0.00,0.000,0.00,0.000,0.00,0.000,0.00,0.000,0.00,0.000,0.00,0.000,1.00,0.416
2026-10-06 00:24:40.534,subgroup,72,42.09,61.41,12,20.729,4200.92,20.254,121826.58,0.000,0.00,0.000,4200.92,0.000,0.00,0.000,0.00,0.000,0.00,0.000,0.00,0.000,0.00,0.000,0.00,0.000,0.00,0.000,0.00,0.000,1.00,0.475
2026-10-06 00:24:43.543,subgroup,72,41.78,59.85,12,19.318,3707.46,18.933,107516.29,0.000,0.00,0.000,3707.46,0.000,0.00,0.000,0.00,0.000,0.00,0.000,0.00,0.000,0.00,0.000,0.00,0.000,0.00,0.000,0.00,0.000,1.00,0.385
2026-10-06 00:24:46.582,subgroup,72,42.22,53.86,12,21.025,5164.18,20.702,149761.24,0.000,0.00,0.000,5164.18,0.000,0.00,0.000,0.00,0.000,0.00,0.000,0.00,0.000,0.00,0.000,0.00,0.000,0.00,0.000,0.00,0.000,1.00,0.323
2026-10-06 00:24:49.607,subgroup,72,42.04,61.46,12,20.303,4059.81,19.953,117734.36,0.000,0.00,0.000,4059.81,0.000,0.00,0.000,0.00,0.000,0.00,0.000,0.00,0.000,0.00,0.000,0.00,0.000,0.00,0.000,0.00,0.000,1.00,0.351
2026-10-06 00:24:52.621,subgroup,72,41.83,59.36,12,20.316,4361.43,19.768,126481.49,0.000,0.00,0.000,4361.43,0.000,0.00,0.000,0.00,0.000,0.00,0.000,0.00,0.000,0.00,0.000,0.00,0.000,0.00,0.000,0.00,0.000,1.00,0.549
2026-10-06 00:24:55.659,subgroup,72,42.20,61.40,12,20.435,3241.85,20.028,94013.57,0.000,0.00,0.000,3241.85,0.000,0.00,0.000,0.00,0.000,0.00,0.000,0.00,0.000,0.00,0.000,0.00,0.000,0.00,0.000,0.00,0.000,1.00,0.407
2026-10-06 00:24:58.668,subgroup,72,41.79,58.51,12,19.582,2605.22,19.009,75551.44,0.000,0.00,0.000,2605.22,0.000,0.00,0.000,0.00,0.000,0.00,0.000,0.00,0.000,0.00,0.000,0.00,0.000,0.00,0.000,0.00,0.000,1.00,0.574
2026-10-06 00:25:01.699,subgroup,72,42.10,58.15,12,19.642,3067.97,19.109,88971.19,0.000,0.00,0.000,3067.97,0.000,0.00,0.000,0.00,0.000,0.00,0.000,0.00,0.000,0.00,0.000,0.00,0.000,0.00,0.000,0.00,0.000,1.00,0.533
2026-10-06 00:25:04.718,subgroup,72,41.92,60.58,12,20.264,3459.57,19.635,100327.51,0.000,0.00,0.000,3459.57,0.000,0.00,0.000,0.00,0.000,0.00,0.000,0.00,0.000,0.00,0.000,0.00,0.000,0.00,0.000,0.00,0.000,1.00,0.629
2026-10-06 00:25:07.759,subgroup,72,42.25,59.40,12,20.754,3524.47,20.261,102209.69,0.000,0.00,0.000,3524.47,0.000,0.00,0.000,0.00,0.000,0.00,0.000,0.00,0.000,0.00,0.000,0.00,0.000,0.00,0.000,0.00,0.000,1.00,0.493
2026-10-06 00:25:10.773,subgroup,72,41.86,62.53,12,19.959,3454.39,19.566,100177.28,0.000,0.00,0.000,3454.39,0.000,0.00,0.000,0.00,0.000,0.00,0.000,0.00,0.000,0.00,0.000,0.00,0.000,0.00,0.000,0.00,0.000,1.00,0.393
2026-10-06 00:25:13.793,subgroup,72,41.94,61.64,12,20.020,3910.25,19.601,113397.25,0.000,0.00,0.000,3910.25,0.000,0.00,0.000,0.00,0.000,0.00,0.000,0.00,0.000,0.00,0.000,0.00,0.000,0.00,0.000,0.00,0.000,1.00,0.419
2026-10-06 00:25:16.808,subgroup,72,41.89,53.87,12,19.042,4517.78,18.738,131015.56,0.000,0.00,0.000,4517.78,0.000,0.00,0.000,0.00,0.000,0.00,0.000,0.00,0.000,0.00,0.000,0.00,0.000,0.00,0.000,0.00,0.000,1.00,0.303
2026-10-06 00:25:19.840,subgroup,72,42.10,57.40,12,18.799,3216.33,18.357,93273.67,0.000,0.00,0.000,3216.33,0.000,0.00,0.000,0.00,0.000,0.00,0.000,0.00,0.000,0.00,0.000,0.00,0.000,0.00,0.000,0.00,0.000,1.00,0.442
2026-10-06 00:25:22.855,subgroup,72,41.88,61.34,12,16.730,2663.50,16.219,77241.50,0.000,0.00,0.000,2663.50,0.000,0.00,0.000,0.00,0.000,0.00,0.000,0.00,0.000,0.00,0.000,0.00,0.000,0.00,0.000,0.00,0.000,1.00,0.511
2026-10-06 00:25:25.888,subgroup,72,42.13,60.56,12,18.170,2836.57,17.707,82260.51,0.000,0.00,0.000,2836.57,0.000,0.00,0.000,0.00,0.000,0.00,0.000,0.00,0.000,0.00,0.000,0.00,0.000,0.00,0.000,0.00,0.000,1.00,0.464
2026-10-06 00:25:28.918,subgroup,72,42.07,60.38,12,18.295,2928.93,17.914,84938.99,0.000,0.00,0.000,2928.93,0.000,0.00,0.000,0.00,0.000,0.00,0.000,0.00,0.000,0.00,0.000,0.00,0.000,0.00,0.000,0.00,0.000,1.00,0.382
2026-10-06 00:25:31.940,subgroup,72,41.97,57.59,12,19.696,3130.86,19.178,90794.97,0.000,0.00,0.000,3130.86,0.000,0.00,0.000,0.00,0.000,0.00,0.000,0.00,0.000,0.00,0.000,0.00,0.000,0.00,0.000,0.00,0.000,1.00,0.517
2026-10-06 00:25:34.965,subgroup,72,42.02,58.70,12,19.409,3582.53,19.028,103893.31,0.000,0.00,0.000,3582.53,0.000,0.00,0.000,0.00,0.000,0.00,0.000,0.00,0.000,0.00,0.000,0.00,0.000,0.00,0.000,0.00,0.000,1.00,0.381
2026-10-06 00:25:37.980,subgroup,72,41.87,60.84,12,18.959,2966.40,18.268,86025.68,0.000,0.00,0.000,2966.40,0.000,0.00,0.000,0.00,0.000,0.00,0.000,0.00,0.000,0.00,0.000,0.00,0.000,0.00,0.000,0.00,0.000,1.00,0.691
2026-10-06 00:25:41.014,subgroup,72,42.13,61.88,12,21.264,4009.85,20.911,116285.57,0.000,0.00,0.000,4009.85,0.000,0.00,0.000,0.00,0.000,0.00,0.000,0.00,0.000,0.00,0.000,0.00,0.000,0.00,0.000,0.00,0.000,1.00,0.353
2026-10-06 00:25:44.027,subgroup,72,41.85,58.13,12,20.022,3697.01,19.585,107213.40,0.000,0.00,0.000,3697.01,0.000,0.00,0.000,0.00,0.000,0.00,0.000,0.00,0.000,0.00,0.000,0.00,0.000,0.00,0.000,0.00,0.000,1.00,0.437
2026-10-06 00:25:47.059,subgroup,72,42.11,60.78,12,20.730,3738.97,20.299,108430.19,0.000,0.00,0.000,3738.97,0.000,0.00,0.000,0.00,0.000,0.00,0.000,0.00,0.000,0.00,0.000,0.00,0.000,0.00,0.000,0.00,0.000,1.00,0.431
2026-10-06 00:25:50.076,subgroup,72,41.91,61.63,12,20.508,3684.47,20.123,106849.69,0.000,0.00,0.000,3684.47,0.000,0.00,0.000,0.00,0.000,0.00,0.000,0.00,0.000,0.00,0.000,0.00,0.000,0.00,0.000,0.00,0.000,1.00,0.386
2026-10-06 00:25:53.108,subgroup,72,42.12,60.55,12,19.404,3649.60,18.997,105838.32,0.000,0.00,0.000,3649.60,0.000,0.00,0.000,0.00,0.000,0.00,0.000,0.00,0.000,0.00,0.000,0.00,0.000,0.00,0.000,0.00,0.000,1.00,0.406
2026-10-06 00:25:56.121,subgroup,72,41.84,60.34,12,18.113,2931.44,17.597,85011.89,0.000,0.00,0.000,2931.44,0.000,0.00,0.000,0.00,0.000,0.00,0.000,0.00,0.000,0.00,0.000,0.00,0.000,0.00,0.000,0.00,0.000,1.00,0.516
2026-10-06 00:25:59.152,subgroup,72,42.09,57.31,12,21.199,3857.06,20.796,111854.61,0.000,0.00,0.000,3857.06,0.000,0.00,0.000,0.00,0.000,0.00,0.000,0.00,0.000,0.00,0.000,0.00,0.000,0.00,0.000,0.00,0.000,1.00,0.403
2026-10-06 00:26:02.168,subgroup,72,41.88,52.97,12,19.016,3252.99,18.650,94336.60,0.000,0.00,0.000,3252.99,0.000,0.00,0.000,0.00,0.000,0.00,0.000,0.00,0.000,0.00,0.000,0.00,0.000,0.00,0.000,0.00,0.000,1.00,0.366
2026-10-06 00:26:05.209,subgroup,72,42.25,61.84,12,18.283,2879.69,17.778,83511.14,0.000,0.00,0.000,2879.69,0.000,0.00,0.000,0.00,0.000,0.00,0.000,0.00,0.000,0.00,0.000,0.00,0.000,0.00,0.000,0.00,0.000,1.00,0.505
2026-10-06 00:26:08.231,subgroup,72,41.97,56.63,12,20.690,4181.53,20.260,121264.31,0.000,0.00,0.000,4181.53,0.000,0.00,0.000,0.00,0.000,0.00,0.000,0.00,0.000,0.00,0.000,0.00,0.000,0.00,0.000,0.00,0.000,1.00,0.429
2026-10-06 00:26:11.246,subgroup,72,41.87,58.99,12,19.964,4008.58,19.628,116248.92,0.000,0.00,0.000,4008.58,0.000,0.00,0.000,0.00,0.000,0.00,0.000,0.00,0.000,0.00,0.000,0.00,0.000,0.00,0.000,0.00,0.000,1.00,0.336
2026-10-06 00:26:14.278,subgroup,72,42.11,56.06,12,19.108,3569.97,18.544,103529.19,0.000,0.00,0.000,3569.97,0.000,0.00,0.000,0.00,0.000,0.00,0.000,0.00,0.000,0.00,0.000,0.00,0.000,0.00,0.000,0.00,0.000,1.00,0.564
2026-10-06 00:26:17.299,subgroup,72,41.95,55.51,12,20.949,5277.83,20.633,153057.17,0.000,0.00,0.000,5277.83,0.000,0.00,0.000,0.00,0.000,0.00,0.000,0.00,0.000,0.00,0.000,0.00,0.000,0.00,0.000,0.00,0.000,1.00,0.316
2026-10-06 00:26:20.324,subgroup,72,42.08,58.38,12,19.975,3731.35,19.460,108209.07,0.000,0.00,0.000,3731.35,0.000,0.00,0.000,0.00,0.000,0.00,0.000,0.00,0.000,0.00,0.000,0.00,0.000,0.00,0.000,0.00,0.000,1.00,0.515
2026-10-06 00:26:23.341,subgroup,72,41.86,63.09,12,19.117,3462.46,18.662,100411.29,0.000,0.00,0.000,3462.46,0.000,0.00,0.000,0.00,0.000,0.00,0.000,0.00,0.000,0.00,0.000,0.00,0.000,0.00,0.000,0.00,0.000,1.00,0.455
2026-10-06 00:26:26.376,subgroup,72,42.13,61.21,12,18.909,2526.07,18.336,73256.01,0.000,0.00,0.000,2526.07,0.000,0.00,0.000,0.00,0.000,0.00,0.000,0.00,0.000,0.00,0.000,0.00,0.000,0.00,0.000,0.00,0.000,1.00,0.572
2026-10-06 00:26:29.391,subgroup,72,41.91,61.60,12,17.981,2107.46,17.099,61116.29,0.000,0.00,0.000,2107.46,0.000,0.00,0.000,0.00,0.000,0.00,0.000,0.00,0.000,0.00,0.000,0.00,0.000,0.00,0.000,0.00,0.000,1.00,0.882
2026-10-06 00:26:32.425,subgroup,72,42.12,60.75,12,18.436,2764.58,17.924,80172.92,0.000,0.00,0.000,2764.58,0.000,0.00,0.000,0.00,0.000,0.00,0.000,0.00,0.000,0.00,0.000,0.00,0.000,0.00,0.000,0.00,0.000,1.00,0.512
2026-10-06 00:26:35.441,subgroup,72,41.91,59.47,12,19.200,2796.68,18.780,81103.74,0.000,0.00,0.000,2796.68,0.000,0.00,0.000,0.00,0.000,0.00,0.000,0.00,0.000,0.00,0.000,0.00,0.000,0.00,0.000,0.00,0.000,1.00,0.420
2026-10-06 00:26:38.476,subgroup,72,42.13,61.88,12,19.157,2944.15,18.520,85380.43,0.000,0.00,0.000,2944.15,0.000,0.00,0.000,0.00,0.000,0.00,0.000,0.00,0.000,0.00,0.000,0.00,0.000,0.00,0.000,0.00,0.000,1.00,0.637
2026-10-06 00:26:41.492,subgroup,72,41.89,63.18,12,18.795,2790.08,18.219,80912.42,0.000,0.00,0.000,2790.08,0.000,0.00,0.000,0.00,0.000,0.00,0.000,0.00,0.000,0.00,0.000,0.00,0.000,0.00,0.000,0.00,0.000,1.00,0.576
2026-10-06 00:26:44.526,subgroup,72,42.17,61.18,12,19.065,2781.51,18.529,80663.90,0.000,0.00,0.000,2781.51,0.000,0.00,0.000,0.00,0.000,0.00,0.000,0.00,0.000,0.00,0.000,0.00,0.000,0.00,0.000,0.00,0.000,1.00,0.536
2026-10-06 00:26:47.541,subgroup,72,41.86,56.89,12,18.992,2742.36,18.530,79528.47,0.000,0.00,0.000,2742.36,0.000,0.00,0.000,0.00,0.000,0.00,0.000,0.00,0.000,0.00,0.000,0.00,0.000,0.00,0.000,0.00,0.000,1.00,0.462
2026-10-06 00:26:50.562,subgroup,72,41.92,61.08,12,19.018,2794.26,18.488,81033.65,0.000,0.00,0.000,2794.26,0.000,0.00,0.000,0.00,0.000,0.00,0.000,0.00,0.000,0.00,0.000,0.00,0.000,0.00,0.000,0.00,0.000,1.00,0.530
2026-10-06 00:26:53.593,subgroup,72,42.12,60.90,12,19.170,2876.19,18.625,83409.64,0.000,0.00,0.000,2876.19,0.000,0.00,0.000,0.00,0.000,0.00,0.000,0.00,0.000,0.00,0.000,0.00,0.000,0.00,0.000,0.00,0.000,1.00,0.546
2026-10-06 00:26:56.608,subgroup,72,41.89,60.12,12,19.046,2697.42,18.582,78225.08,0.000,0.00,0.000,2697.42,0.000,0.00,0.000,0.00,0.000,0.00,0.000,0.00,0.000,0.00,0.000,0.00,0.000,0.00,0.000,0.00,0.000,1.00,0.464
2026-10-06 00:26:59.642,subgroup,72,42.12,59.90,12,18.366,2739.08,17.839,79433.42,0.000,0.00,0.000,2739.08,0.000,0.00,0.000,0.00,0.000,0.00,0.000,0.00,0.000,0.00,0.000,0.00,0.000,0.00,0.000,0.00,0.000,1.00,0.528
2026-10-06 00:27:02.658,subgroup,72,41.90,54.47,12,18.907,2833.54,18.400,82172.71,0.000,0.00,0.000,2833.54,0.000,0.00,0.000,0.00,0.000,0.00,0.000,0.00,0.000,0.00,0.000,0.00,0.000,0.00,0.000,0.00,0.000,1.00,0.507
2026-10-06 00:27:05.691,subgroup,72,42.11,54.42,12,18.392,2697.72,17.659,78233.94,0.000,0.00,0.000,2697.72,0.000,0.00,0.000,0.00,0.000,0.00,0.000,0.00,0.000,0.00,0.000,0.00,0.000,0.00,0.000,0.00,0.000,1.00,0.733
2026-10-06 00:27:08.707,subgroup,72,41.90,62.83,12,18.938,2661.76,18.537,77191.15,0.000,0.00,0.000,2661.76,0.000,0.00,0.000,0.00,0.000,0.00,0.000,0.00,0.000,0.00,0.000,0.00,0.000,0.00,0.000,0.00,0.000,1.00,0.401
2026-10-06 00:27:11.741,subgroup,72,42.15,61.11,12,19.627,2720.54,19.116,78895.71,0.000,0.00,0.000,2720.54,0.000,0.00,0.000,0.00,0.000,0.00,0.000,0.00,0.000,0.00,0.000,0.00,0.000,0.00,0.000,0.00,0.000,1.00,0.511
2026-10-06 00:27:14.751,subgroup,72,41.79,62.41,12,18.878,2618.90,18.272,75948.18,0.000,0.00,0.000,2618.90,0.000,0.00,0.000,0.00,0.000,0.00,0.000,0.00,0.000,0.00,0.000,0.00,0.000,0.00,0.000,0.00,0.000,1.00,0.606
2026-10-06 00:27:17.788,subgroup,72,42.18,58.16,12,19.693,2714.43,19.062,78718.49,0.000,0.00,0.000,2714.43,0.000,0.00,0.000,0.00,0.000,0.00,0.000,0.00,0.000,0.00,0.000,0.00,0.000,0.00,0.000,0.00,0.000,1.00,0.631
2026-10-06 00:27:20.808,subgroup,72,41.95,54.93,12,18.838,2793.03,18.007,80997.81,0.000,0.00,0.000,2793.03,0.000,0.00,0.000,0.00,0.000,0.00,0.000,0.00,0.000,0.00,0.000,0.00,0.000,0.00,0.000,0.00,0.000,1.00,0.831
2026-10-06 00:27:23.825,subgroup,72,41.90,58.38,12,19.228,2701.28,18.705,78337.06,0.000,0.00,0.000,2701.28,0.000,0.00,0.000,0.00,0.000,0.00,0.000,0.00,0.000,0.00,0.000,0.00,0.000,0.00,0.000,0.00,0.000,1.00,0.522
2026-10-06 00:27:26.842,subgroup,72,41.91,57.21,12,19.564,2765.39,19.005,80196.28,0.000,0.00,0.000,2765.39,0.000,0.00,0.000,0.00,0.000,0.00,0.000,0.00,0.000,0.00,0.000,0.00,0.000,0.00,0.000,0.00,0.000,1.00,0.559
2026-10-06 00:27:29.875,subgroup,72,42.14,59.99,12,19.131,2713.33,18.685,78686.67,0.000,0.00,0.000,2713.33,0.000,0.00,0.000,0.00,0.000,0.00,0.000,0.00,0.000,0.00,0.000,0.00,0.000,0.00,0.000,0.00,0.000,1.00,0.446
2026-10-06 00:27:32.907,subgroup,72,42.10,60.65,12,19.183,2844.93,18.783,82502.99,0.000,0.00,0.000,2844.93,0.000,0.00,0.000,0.00,0.000,0.00,0.000,0.00,0.000,0.00,0.000,0.00,0.000,0.00,0.000,0.00,0.000,1.00,0.401
2026-10-06 00:27:35.922,subgroup,72,41.85,60.41,12,19.269,2701.43,18.801,78341.49,0.000,0.00,0.000,2701.43,0.000,0.00,0.000,0.00,0.000,0.00,0.000,0.00,0.000,0.00,0.000,0.00,0.000,0.00,0.000,0.00,0.000,1.00,0.468
2026-10-06 00:27:38.955,subgroup,72,42.13,61.58,12,19.015,2721.82,18.373,78932.76,0.000,0.00,0.000,2721.82,0.000,0.00,0.000,0.00,0.000,0.00,0.000,0.00,0.000,0.00,0.000,0.00,0.000,0.00,0.000,0.00,0.000,1.00,0.641
2026-10-06 00:27:41.974,subgroup,72,41.95,63.07,12,19.045,3059.06,18.660,88712.61,0.000,0.00,0.000,3059.06,0.000,0.00,0.000,0.00,0.000,0.00,0.000,0.00,0.000,0.00,0.000,0.00,0.000,0.00,0.000,0.00,0.000,1.00,0.385
2026-10-06 00:27:45.003,subgroup,72,42.04,59.00,12,19.214,2727.75,18.731,79104.75,0.000,0.00,0.000,2727.75,0.000,0.00,0.000,0.00,0.000,0.00,0.000,0.00,0.000,0.00,0.000,0.00,0.000,0.00,0.000,0.00,0.000,1.00,0.483
2026-10-06 00:27:48.014,subgroup,72,41.82,58.83,12,19.108,2794.33,18.542,81035.67,0.000,0.00,0.000,2794.33,0.000,0.00,0.000,0.00,0.000,0.00,0.000,0.00,0.000,0.00,0.000,0.00,0.000,0.00,0.000,0.00,0.000,1.00,0.566
2026-10-06 00:27:51.059,subgroup,72,42.29,55.81,12,19.219,2856.28,18.578,82832.06,0.000,0.00,0.000,2856.28,0.000,0.00,0.000,0.00,0.000,0.00,0.000,0.00,0.000,0.00,0.000,0.00,0.000,0.00,0.000,0.00,0.000,1.00,0.642
2026-10-06 00:27:54.058,subgroup,72,41.66,57.98,12,19.497,2892.67,18.951,83887.33,0.000,0.00,0.000,2892.67,0.000,0.00,0.000,0.00,0.000,0.00,0.000,0.00,0.000,0.00,0.000,0.00,0.000,0.00,0.000,0.00,0.000,1.00,0.546
2026-10-06 00:27:57.091,subgroup,72,42.12,62.31,12,19.084,2872.78,18.446,83310.56,0.000,0.00,0.000,2872.78,0.000,0.00,0.000,0.00,0.000,0.00,0.000,0.00,0.000,0.00,0.000,0.00,0.000,0.00,0.000,0.00,0.000,1.00,0.638
2026-10-06 00:28:00.107,subgroup,72,41.90,59.02,12,19.328,2759.96,18.725,80038.79,0.000,0.00,0.000,2759.96,0.000,0.00,0.000,0.00,0.000,0.00,0.000,0.00,0.000,0.00,0.000,0.00,0.000,0.00,0.000,0.00,0.000,1.00,0.603
2026-10-06 00:28:03.137,subgroup,72,42.07,59.00,12,18.752,2685.10,18.252,77867.82,0.000,0.00,0.000,2685.10,0.000,0.00,0.000,0.00,0.000,0.00,0.000,0.00,0.000,0.00,0.000,0.00,0.000,0.00,0.000,0.00,0.000,1.00,0.500
2026-10-06 00:28:06.158,subgroup,72,41.97,58.61,12,19.069,2607.99,18.449,75631.60,0.000,0.00,0.000,2607.99,0.000,0.00,0.000,0.00,0.000,0.00,0.000,0.00,0.000,0.00,0.000,0.00,0.000,0.00,0.000,0.00,0.000,1.00,0.620
2026-10-06 00:28:09.189,subgroup,72,42.08,59.88,12,18.517,2633.93,18.013,76383.99,0.000,0.00,0.000,2633.93,0.000,0.00,0.000,0.00,0.000,0.00,0.000,0.00,0.000,0.00,0.000,0.00,0.000,0.00,0.000,0.00,0.000,1.00,0.504
2026-10-06 00:28:12.203,subgroup,72,41.85,56.58,12,18.743,2583.19,18.152,74912.64,0.000,0.00,0.000,2583.19,0.000,0.00,0.000,0.00,0.000,0.00,0.000,0.00,0.000,0.00,0.000,0.00,0.000,0.00,0.000,0.00,0.000,1.00,0.592
2026-10-06 00:28:15.241,subgroup,72,42.21,54.46,12,18.918,2640.54,18.284,76575.71,0.000,0.00,0.000,2640.54,0.000,0.00,0.000,0.00,0.000,0.00,0.000,0.00,0.000,0.00,0.000,0.00,0.000,0.00,0.000,0.00,0.000,1.00,0.634
2026-10-06 00:28:18.262,subgroup,72,41.96,58.94,12,19.153,2636.42,18.615,76456.08,0.000,0.00,0.000,2636.42,0.000,0.00,0.000,0.00,0.000,0.00,0.000,0.00,0.000,0.00,0.000,0.00,0.000,0.00,0.000,0.00,0.000,1.00,0.539
2026-10-06 00:28:21.292,subgroup,72,42.11,57.66,12,18.768,2696.11,18.278,78187.22,0.000,0.00,0.000,2696.11,0.000,0.00,0.000,0.00,0.000,0.00,0.000,0.00,0.000,0.00,0.000,0.00,0.000,0.00,0.000,0.00,0.000,1.00,0.490
2026-10-06 00:28:24.325,subgroup,72,42.09,61.86,12,18.554,2107.83,17.831,61127.17,0.000,0.00,0.000,2107.83,0.000,0.00,0.000,0.00,0.000,0.00,0.000,0.00,0.000,0.00,0.000,0.00,0.000,0.00,0.000,0.00,0.000,1.00,0.723
2026-10-06 00:28:27.325,subgroup,72,41.66,56.45,12,18.445,2685.39,17.884,77876.28,0.000,0.00,0.000,2685.39,0.000,0.00,0.000,0.00,0.000,0.00,0.000,0.00,0.000,0.00,0.000,0.00,0.000,0.00,0.000,0.00,0.000,1.00,0.560
2026-10-06 00:28:30.357,subgroup,72,42.13,60.45,12,19.150,2597.88,18.648,75338.38,0.000,0.00,0.000,2597.88,0.000,0.00,0.000,0.00,0.000,0.00,0.000,0.00,0.000,0.00,0.000,0.00,0.000,0.00,0.000,0.00,0.000,1.00,0.501
2026-10-06 00:28:33.373,subgroup,72,41.89,60.23,12,18.791,2724.79,18.327,79018.96,0.000,0.00,0.000,2724.79,0.000,0.00,0.000,0.00,0.000,0.00,0.000,0.00,0.000,0.00,0.000,0.00,0.000,0.00,0.000,0.00,0.000,1.00,0.464
2026-10-06 00:28:36.402,subgroup,72,42.06,59.18,12,18.667,2699.31,18.051,78279.86,0.000,0.00,0.000,2699.31,0.000,0.00,0.000,0.00,0.000,0.00,0.000,0.00,0.000,0.00,0.000,0.00,0.000,0.00,0.000,0.00,0.000,1.00,0.616
2026-10-06 00:28:39.424,subgroup,72,41.98,59.61,12,18.584,2714.25,18.021,78713.25,0.000,0.00,0.000,2714.25,0.000,0.00,0.000,0.00,0.000,0.00,0.000,0.00,0.000,0.00,0.000,0.00,0.000,0.00,0.000,0.00,0.000,1.00,0.564
2026-10-06 00:28:42.452,subgroup,72,42.04,67.84,12,19.222,2640.93,18.619,76586.99,0.000,0.00,0.000,2640.93,0.000,0.00,0.000,0.00,0.000,0.00,0.000,0.00,0.000,0.00,0.000,0.00,0.000,0.00,0.000,0.00,0.000,1.00,0.603
2026-10-06 00:28:45.474,subgroup,72,41.99,62.71,12,18.401,2740.56,17.852,79476.11,0.000,0.00,0.000,2740.56,0.000,0.00,0.000,0.00,0.000,0.00,0.000,0.00,0.000,0.00,0.000,0.00,0.000,0.00,0.000,0.00,0.000,1.00,0.550
2026-10-06 00:28:48.505,subgroup,72,42.09,62.35,12,19.237,2727.57,18.651,79099.51,0.000,0.00,0.000,2727.57,0.000,0.00,0.000,0.00,0.000,0.00,0.000,0.00,0.000,0.00,0.000,0.00,0.000,0.00,0.000,0.00,0.000,1.00,0.585
2026-10-06 00:28:51.521,subgroup,72,41.89,57.52,12,18.597,2688.54,18.036,77967.71,0.000,0.00,0.000,2688.54,0.000,0.00,0.000,0.00,0.000,0.00,0.000,0.00,0.000,0.00,0.000,0.00,0.000,0.00,0.000,0.00,0.000,1.00,0.561
2026-10-06 00:28:54.555,subgroup,72,42.14,62.19,12,19.248,2721.46,18.819,78922.29,0.000,0.00,0.000,2721.46,0.000,0.00,0.000,0.00,0.000,0.00,0.000,0.00,0.000,0.00,0.000,0.00,0.000,0.00,0.000,0.00,0.000,1.00,0.430
2026-10-06 00:28:57.574,subgroup,72,41.94,59.86,12,18.794,2688.18,18.179,77957.24,0.000,0.00,0.000,2688.18,0.000,0.00,0.000,0.00,0.000,0.00,0.000,0.00,0.000,0.00,0.000,0.00,0.000,0.00,0.000,0.00,0.000,1.00,0.615
2026-10-06 00:29:00.605,subgroup,72,42.14,56.18,12,19.389,2697.32,18.843,78222.26,0.000,0.00,0.000,2697.32,0.000,0.00,0.000,0.00,0.000,0.00,0.000,0.00,0.000,0.00,0.000,0.00,0.000,0.00,0.000,0.00,0.000,1.00,0.546
2026-10-06 00:29:03.625,subgroup,72,41.94,60.14,12,19.221,2698.33,18.649,78251.67,0.000,0.00,0.000,2698.33,0.000,0.00,0.000,0.00,0.000,0.00,0.000,0.00,0.000,0.00,0.000,0.00,0.000,0.00,0.000,0.00,0.000,1.00,0.572
2026-10-06 00:29:06.640,subgroup,72,41.85,62.12,12,19.013,2670.74,18.365,77451.35,0.000,0.00,0.000,2670.74,0.000,0.00,0.000,0.00,0.000,0.00,0.000,0.00,0.000,0.00,0.000,0.00,0.000,0.00,0.000,0.00,0.000,1.00,0.648
2026-10-06 00:29:09.673,subgroup,72,42.12,57.77,12,19.239,2748.46,18.673,79705.29,0.000,0.00,0.000,2748.46,0.000,0.00,0.000,0.00,0.000,0.00,0.000,0.00,0.000,0.00,0.000,0.00,0.000,0.00,0.000,0.00,0.000,1.00,0.566
2026-10-06 00:29:12.691,subgroup,72,41.91,61.38,12,18.634,2724.62,17.838,79014.12,0.000,0.00,0.000,2724.62,0.000,0.00,0.000,0.00,0.000,0.00,0.000,0.00,0.000,0.00,0.000,0.00,0.000,0.00,0.000,0.00,0.000,1.00,0.796
2026-10-06 00:29:15.724,subgroup,72,42.12,56.27,12,18.983,2704.07,18.520,78418.01,0.000,0.00,0.000,2704.07,0.000,0.00,0.000,0.00,0.000,0.00,0.000,0.00,0.000,0.00,0.000,0.00,0.000,0.00,0.000,0.00,0.000,1.00,0.463
2026-10-06 00:29:18.741,subgroup,72,41.91,59.14,12,18.374,2497.49,17.899,72427.10,0.000,0.00,0.000,2497.49,0.000,0.00,0.000,0.00,0.000,0.00,0.000,0.00,0.000,0.00,0.000,0.00,0.000,0.00,0.000,0.00,0.000,1.00,0.475
2026-10-06 00:29:21.769,subgroup,72,42.05,60.43,12,19.144,2736.65,18.462,79362.93,0.000,0.00,0.000,2736.65,0.000,0.00,0.000,0.00,0.000,0.00,0.000,0.00,0.000,0.00,0.000,0.00,0.000,0.00,0.000,0.00,0.000,1.00,0.682
2026-10-06 00:29:24.790,subgroup,72,41.98,59.13,12,19.185,2650.15,18.555,76854.43,0.000,0.00,0.000,2650.15,0.000,0.00,0.000,0.00,0.000,0.00,0.000,0.00,0.000,0.00,0.000,0.00,0.000,0.00,0.000,0.00,0.000,1.00,0.630
2026-10-06 00:29:27.808,subgroup,72,41.90,55.00,12,17.993,2636.01,17.456,76444.40,0.000,0.00,0.000,2636.01,0.000,0.00,0.000,0.00,0.000,0.00,0.000,0.00,0.000,0.00,0.000,0.00,0.000,0.00,0.000,0.00,0.000,1.00,0.537
2026-10-06 00:29:30.825,subgroup,72,41.90,60.71,12,18.564,2646.19,18.145,76739.64,0.000,0.00,0.000,2646.19,0.000,0.00,0.000,0.00,0.000,0.00,0.000,0.00,0.000,0.00,0.000,0.00,0.000,0.00,0.000,0.00,0.000,1.00,0.419
2026-10-06 00:29:33.858,subgroup,72,42.12,56.58,12,18.831,2676.44,18.402,77616.89,0.000,0.00,0.000,2676.44,0.000,0.00,0.000,0.00,0.000,0.00,0.000,0.00,0.000,0.00,0.000,0.00,0.000,0.00,0.000,0.00,0.000,1.00,0.430
2026-10-06 00:29:36.879,subgroup,72,41.96,61.88,12,18.295,2253.40,17.711,65348.68,0.000,0.00,0.000,2253.40,0.000,0.00,0.000,0.00,0.000,0.00,0.000,0.00,0.000,0.00,0.000,0.00,0.000,0.00,0.000,0.00,0.000,1.00,0.584
2026-10-06 00:29:39.906,subgroup,72,42.07,55.72,12,19.271,2728.31,18.654,79120.86,0.000,0.00,0.000,2728.31,0.000,0.00,0.000,0.00,0.000,0.00,0.000,0.00,0.000,0.00,0.000,0.00,0.000,0.00,0.000,0.00,0.000,1.00,0.617
2026-10-06 00:29:42.940,subgroup,72,42.12,61.61,12,19.695,2832.36,19.190,82138.47,0.000,0.00,0.000,2832.36,0.000,0.00,0.000,0.00,0.000,0.00,0.000,0.00,0.000,0.00,0.000,0.00,0.000,0.00,0.000,0.00,0.000,1.00,0.505
2026-10-06 00:29:45.957,subgroup,72,41.90,62.11,12,19.042,2890.57,18.410,83826.51,0.000,0.00,0.000,2890.57,0.000,0.00,0.000,0.00,0.000,0.00,0.000,0.00,0.000,0.00,0.000,0.00,0.000,0.00,0.000,0.00,0.000,1.00,0.632
2026-10-06 00:29:48.980,subgroup,72,41.97,58.29,12,19.177,3076.44,18.736,89216.89,0.000,0.00,0.000,3076.44,0.000,0.00,0.000,0.00,0.000,0.00,0.000,0.00,0.000,0.00,0.000,0.00,0.000,0.00,0.000,0.00,0.000,1.00,0.441
2026-10-06 00:29:52.000,subgroup,72,41.94,57.79,12,20.642,4433.60,20.307,128574.32,0.000,0.00,0.000,4433.60,0.000,0.00,0.000,0.00,0.000,0.00,0.000,0.00,0.000,0.00,0.000,0.00,0.000,0.00,0.000,0.00,0.000,1.00,0.335
2026-10-06 00:29:55.030,subgroup,72,42.10,61.80,12,21.436,4394.38,21.053,127436.88,0.000,0.00,0.000,4394.38,0.000,0.00,0.000,0.00,0.000,0.00,0.000,0.00,0.000,0.00,0.000,0.00,0.000,0.00,0.000,0.00,0.000,1.00,0.383
2026-10-06 00:29:58.056,subgroup,72,42.04,57.53,12,20.765,4555.76,20.311,132117.15,0.000,0.00,0.000,4555.76,0.000,0.00,0.000,0.00,0.000,0.00,0.000,0.00,0.000,0.00,0.000,0.00,0.000,0.00,0.000,0.00,0.000,1.00,0.453
2026-10-06 00:30:01.080,subgroup,72,41.98,54.85,12,21.001,4546.81,20.599,131857.36,0.000,0.00,0.000,4546.81,0.000,0.00,0.000,0.00,0.000,0.00,0.000,0.00,0.000,0.00,0.000,0.00,0.000,0.00,0.000,0.00,0.000,1.00,0.401
2026-10-06 00:30:04.104,subgroup,72,41.98,57.71,12,21.059,4528.31,20.702,131320.86,0.000,0.00,0.000,4528.31,0.000,0.00,0.000,0.00,0.000,0.00,0.000,0.00,0.000,0.00,0.000,0.00,0.000,0.00,0.000,0.00,0.000,1.00,0.357
2026-10-06 00:30:07.121,subgroup,72,41.92,56.98,12,21.020,4564.10,20.600,132358.82,0.000,0.00,0.000,4564.10,0.000,0.00,0.000,0.00,0.000,0.00,0.000,0.00,0.000,0.00,0.000,0.00,0.000,0.00,0.000,0.00,0.000,1.00,0.420
2026-10-06 00:30:10.141,subgroup,72,41.93,62.60,12,20.497,4495.96,20.114,130382.79,0.000,0.00,0.000,4495.96,0.000,0.00,0.000,0.00,0.000,0.00,0.000,0.00,0.000,0.00,0.000,0.00,0.000,0.00,0.000,0.00,0.000,1.00,0.383
2026-10-06 00:30:13.168,subgroup,72,42.04,64.36,12,21.020,4823.64,20.649,139885.53,0.000,0.00,0.000,4823.64,0.000,0.00,0.000,0.00,0.000,0.00,0.000,0.00,0.000,0.00,0.000,0.00,0.000,0.00,0.000,0.00,0.000,1.00,0.371
2026-10-06 00:30:16.192,subgroup,72,42.00,60.11,12,19.905,4008.42,19.437,116244.08,0.000,0.00,0.000,4008.42,0.000,0.00,0.000,0.00,0.000,0.00,0.000,0.00,0.000,0.00,0.000,0.00,0.000,0.00,0.000,0.00,0.000,1.00,0.467
2026-10-06 00:30:19.214,subgroup,72,41.98,58.12,12,20.196,3741.67,19.772,108508.33,0.000,0.00,0.000,3741.67,0.000,0.00,0.000,0.00,0.000,0.00,0.000,0.00,0.000,0.00,0.000,0.00,0.000,0.00,0.000,0.00,0.000,1.00,0.424
2026-10-06 00:30:24.168,subgroup,72,41.93,53.85,12,34.827,6975.22,34.380,202281.44,0.000,0.00,0.000,6975.22,0.000,0.00,0.000,0.00,0.000,0.00,0.000,0.00,0.000,0.00,0.000,0.00,0.000,0.00,0.000,0.00,0.000,1.01,0.447
2026-10-06 00:30:27.199,subgroup,72,42.09,50.86,400,25.575,749.12,25.286,256119.74,0.000,0.01,0.000,749.11,0.000,0.01,0.000,2.29,0.000,5.56,0.000,2.01,0.000,0.00,0.000,0.01,0.002,0.00,0.000,0.00,0.000,1.00,0.286
2026-10-06 00:30:30.215,subgroup,72,41.89,50.08,400,29.103,436.06,28.776,351024.72,0.000,0.00,0.000,436.06,0.000,0.00,0.000,0.00,0.000,0.00,0.000,0.00,0.000,0.00,0.000,0.00,0.000,33.42,0.000,0.00,0.000,1.00,0.327
2026-10-06 00:30:33.246,subgroup,72,42.10,51.19,400,26.565,348.43,26.268,280486.60,0.000,0.00,0.000,348.43,0.000,0.00,0.000,0.00,0.000,0.00,0.000,0.00,0.000,0.00,0.000,0.00,0.000,22.28,0.000,0.00,0.000,1.00,0.297
2026-10-06 00:30:36.261,subgroup,72,41.88,55.06,400,29.930,443.54,29.645,357051.04,0.000,0.00,0.000,443.54,0.000,0.00,0.000,0.00,0.000,0.00,0.000,0.00,0.000,0.00,0.000,0.00,0.000,16.71,0.000,0.01,0.000,1.00,0.285
2026-10-06 00:30:39.293,subgroup,72,42.11,50.18,400,32.623,462.82,32.341,372569.65,0.000,0.00,0.000,462.82,0.000,0.00,0.000,0.00,0.000,0.00,0.000,0.00,0.000,0.00,0.000,0.00,0.000,5.57,0.000,0.01,0.000,1.00,0.282
2026-10-06 00:30:42.309,subgroup,72,41.89,48.97,400,35.777,529.56,35.478,426292.22,0.000,0.00,0.000,529.56,0.000,0.00,0.000,0.00,0.000,0.00,0.000,0.00,0.000,0.00,0.000,0.00,0.000,0.00,0.000,0.00,0.000,1.00,0.299
2026-10-06 00:30:45.340,subgroup,72,42.09,48.66,400,36.564,568.75,36.265,457843.75,0.000,0.00,0.000,568.75,0.000,0.00,0.000,0.00,0.000,0.00,0.000,0.00,0.000,0.00,0.000,0.00,0.000,0.00,0.000,0.00,0.000,1.00,0.299
2026-10-06 00:30:48.357,subgroup,72,41.88,49.71,400,35.461,517.67,35.120,416721.67,0.000,0.00,0.000,517.67,0.000,0.00,0.000,0.00,0.000,0.00,0.000,0.00,0.000,0.00,0.000,0.00,0.000,0.00,0.000,0.00,0.000,1.00,0.341
2026-10-06 00:30:51.387,subgroup,72,42.11,48.33,400,34.898,527.99,34.612,425028.82,0.000,0.00,0.000,527.99,0.000,0.00,0.000,0.00,0.000,0.00,0.000,0.00,0.000,0.00,0.000,0.00,0.000,11.14,0.000,0.00,0.000,1.00,0.286
2026-10-06 00:30:54.417,subgroup,72,42.09,53.27,400,26.320,381.06,26.061,306749.72,0.000,0.00,0.000,381.06,0.000,0.00,0.000,0.00,0.000,0.00,0.000,0.00,0.000,0.00,0.000,0.00,0.000,22.28,0.000,0.00,0.000,1.00,0.259
2026-10-06 00:30:57.435,subgroup,72,41.91,48.87,400,28.947,438.88,28.673,353294.38,0.000,0.00,0.000,438.88,0.000,0.00,0.000,0.00,0.000,0.00,0.000,0.00,0.000,0.00,0.000,0.00,0.000,16.71,0.000,0.01,0.000,1.00,0.274
2026-10-06 00:31:00.465,subgroup,72,42.09,48.62,400,36.264,535.72,35.926,431256.39,0.000,0.00,0.000,535.69,0.000,0.03,0.001,4.58,0.000,0.00,0.000,0.00,0.000,0.00,0.000,0.00,0.000,0.00,0.000,0.00,0.000,1.00,0.337
2026-10-06 00:31:03.480,subgroup,72,41.87,49.92,400,35.177,439.97,34.863,354177.64,0.000,0.00,0.000,439.89,0.000,0.08,0.002,11.57,0.001,0.00,0.000,0.00,0.000,0.00,0.000,0.00,0.000,0.00,0.000,0.00,0.000,1.00,0.312
2026-10-06 00:31:06.513,subgroup,72,42.14,49.49,400,34.538,430.67,34.233,346686.67,0.000,0.00,0.000,430.67,0.000,0.00,0.000,0.75,0.000,0.00,0.000,0.00,0.000,0.00,0.000,0.00,0.000,0.00,0.000,0.00,0.000,1.00,0.305
2026-10-06 00:31:09.528,subgroup,72,41.88,49.73,400,25.153,1112.60,24.797,227267.65,0.000,0.01,0.000,1112.58,0.000,0.01,0.000,0.33,0.000,0.17,0.000,0.00,0.000,0.00,0.000,0.01,0.002,0.00,0.000,0.00,0.000,1.00,0.353
2026-10-06 00:31:12.558,subgroup,72,42.07,50.53,12,18.946,3594.97,18.584,104254.19,0.000,0.00,0.000,3594.97,0.000,0.00,0.000,0.00,0.000,0.00,0.000,0.00,0.000,0.00,0.000,0.00,0.000,0.00,0.000,0.00,0.000,1.00,0.363
2026-10-06 00:31:15.574,subgroup,72,41.88,47.83,12,22.806,6493.10,22.521,188299.82,0.000,0.00,0.000,6493.10,0.000,0.00,0.000,0.00,0.000,0.00,0.000,0.00,0.000,0.00,0.000,0.00,0.000,0.00,0.000,0.00,0.000,1.00,0.285
2026-10-06 00:31:18.607,subgroup,72,42.13,49.21,12,22.582,5046.76,22.169,146356.15,0.000,0.00,0.000,5046.76,0.000,0.00,0.000,0.00,0.000,0.00,0.000,0.00,0.000,0.00,0.000,0.00,0.000,0.00,0.000,0.00,0.000,1.00,0.413
2026-10-06 00:31:21.621,subgroup,72,41.86,50.02,12,22.920,4663.54,22.605,135242.71,0.000,0.00,0.000,4663.54,0.000,0.00,0.000,0.00,0.000,0.00,0.000,0.00,0.000,0.00,0.000,0.00,0.000,0.00,0.000,0.00,0.000,1.00,0.315
2026-10-06 00:31:24.652,subgroup,72,42.10,49.74,12,22.343,4775.35,21.915,138485.07,0.000,0.00,0.000,4775.35,0.000,0.00,0.000,0.00,0.000,0.00,0.000,0.00,0.000,0.00,0.000,0.00,0.000,0.00,0.000,0.00,0.000,1.00,0.428
2026-10-06 00:31:27.667,subgroup,72,41.88,49.66,12,22.254,4715.96,21.919,136762.79,0.000,0.00,0.000,4715.96,0.000,0.00,0.000,0.00,0.000,0.00,0.000,0.00,0.000,0.00,0.000,0.00,0.000,0.00,0.000,0.00,0.000,1.00,0.335
2026-10-06 00:31:30.699,subgroup,72,42.10,49.28,12,23.180,5058.83,22.805,146706.17,0.000,0.00,0.000,5058.83,0.000,0.00,0.000,0.00,0.000,0.00,0.000,0.00,0.000,0.00,0.000,0.00,0.000,0.00,0.000,0.00,0.000,1.00,0.375
2026-10-06 00:31:33.731,subgroup,72,42.11,50.70,12,22.806,5890.83,22.446,170834.17,0.000,0.00,0.000,5890.83,0.000,0.00,0.000,0.00,0.000,0.00,0.000,0.00,0.000,0.00,0.000,0.00,0.000,0.00,0.000,0.00,0.000,1.00,0.360
2026-10-06 00:31:36.746,subgroup,72,41.87,49.35,12,22.282,5674.93,21.889,164572.99,0.000,0.00,0.000,5674.93,0.000,0.00,0.000,0.00,0.000,0.00,0.000,0.00,0.000,0.00,0.000,0.00,0.000,0.00,0.000,0.00,0.000,1.00,0.393
2026-10-06 00:31:39.777,subgroup,72,42.11,47.86,12,23.270,6671.64,22.988,193477.53,0.000,0.00,0.000,6671.64,0.000,0.00,0.000,0.00,0.000,0.00,0.000,0.00,0.000,0.00,0.000,0.00,0.000,0.00,0.000,0.00,0.000,1.00,0.283
2026-10-06 00:31:42.793,subgroup,72,41.88,48.32,12,23.020,5671.24,22.727,164465.85,0.000,0.00,0.000,5671.24,0.000,0.00,0.000,0.00,0.000,0.00,0.000,0.00,0.000,0.00,0.000,0.00,0.000,0.00,0.000,0.00,0.000,1.00,0.293
2026-10-06 00:31:45.824,subgroup,72,42.10,49.37,12,23.066,5890.56,22.748,170826.11,0.000,0.00,0.000,5890.56,0.000,0.00,0.000,0.00,0.000,0.00,0.000,0.00,0.000,0.00,0.000,0.00,0.000,0.00,0.000,0.00,0.000,1.00,0.318
2026-10-06 00:31:48.840,subgroup,72,41.89,48.30,12,23.250,5946.47,22.909,172447.69,0.000,0.00,0.000,5946.47,0.000,0.00,0.000,0.00,0.000,0.00,0.000,0.00,0.000,0.00,0.000,0.00,0.000,0.00,0.000,0.00,0.000,1.00,0.341
2026-10-06 00:31:51.874,subgroup,72,42.13,56.44,12,23.216,5611.42,22.892,162731.08,0.000,0.00,0.000,5611.42,0.000,0.00,0.000,0.00,0.000,0.00,0.000,0.00,0.000,0.00,0.000,0.00,0.000,0.00,0.000,0.00,0.000,1.00,0.324
2026-10-06 00:31:54.886,subgroup,72,41.85,58.43,12,21.686,4786.04,21.329,138795.21,0.000,0.00,0.000,4786.04,0.000,0.00,0.000,0.00,0.000,0.00,0.000,0.00,0.000,0.00,0.000,0.00,0.000,0.00,0.000,0.00,0.000,1.00,0.357
2026-10-06 00:31:57.919,subgroup,72,42.13,48.91,399,21.809,5397.21,21.528,190779.29,0.000,0.01,0.000,5397.19,0.000,0.01,0.000,2.29,0.000,5.54,0.000,2.00,0.000,0.00,0.000,0.01,0.002,0.00,0.000,0.00,0.000,1.00,0.278
2026-10-06 00:32:00.934,subgroup,72,41.86,51.19,399,32.767,458.10,32.422,367852.07,0.000,0.00,0.000,458.10,0.000,0.00,0.000,0.00,0.000,0.00,0.000,0.00,0.000,0.00,0.000,0.00,0.000,0.00,0.000,0.00,0.000,1.00,0.345
2026-10-06 00:32:03.965,subgroup,72,42.10,49.58,399,32.313,478.82,32.018,384492.01,0.000,0.00,0.000,478.82,0.000,0.00,0.000,0.25,0.000,0.00,0.000,0.00,0.000,0.00,0.000,0.00,0.000,0.00,0.000,0.00,0.000,1.00,0.294
2026-10-06 00:32:06.980,subgroup,72,41.88,49.09,399,31.823,441.67,31.468,354658.33,0.000,0.00,0.000,441.67,0.000,0.00,0.000,0.00,0.000,0.00,0.000,0.00,0.000,0.00,0.000,0.00,0.000,0.00,0.000,0.00,0.000,1.00,0.355
2026-10-06 00:32:10.012,subgroup,72,42.10,49.04,399,35.272,513.58,34.956,412407.42,0.000,0.00,0.000,513.58,0.000,0.00,0.000,0.00,0.000,0.00,0.000,0.00,0.000,0.00,0.000,0.00,0.000,0.00,0.000,0.00,0.000,1.00,0.316
2026-10-06 00:32:13.027,subgroup,72,41.88,48.31,399,35.941,562.17,35.637,451419.83,0.000,0.00,0.000,562.17,0.000,0.00,0.000,0.00,0.000,0.00,0.000,0.00,0.000,0.00,0.000,0.00,0.000,0.00,0.000,0.00,0.000,1.00,0.304
2026-10-06 00:32:16.059,subgroup,72,42.11,48.76,399,35.839,543.90,35.572,436753.93,0.000,0.00,0.000,543.90,0.000,0.00,0.000,0.00,0.000,0.00,0.000,0.00,0.000,0.00,0.000,0.00,0.000,0.00,0.000,0.00,0.000,1.00,0.267
2026-10-06 00:32:19.090,subgroup,72,42.10,49.82,399,35.570,506.49,35.270,406708.35,0.000,0.00,0.000,506.49,0.000,0.00,0.000,0.00,0.000,0.00,0.000,0.00,0.000,0.00,0.000,0.00,0.000,0.00,0.000,0.00,0.000,1.00,0.301
2026-10-06 00:32:22.106,subgroup,72,41.90,50.24,399,35.537,510.38,35.181,409831.12,0.000,0.00,0.000,510.38,0.000,0.00,0.000,0.00,0.000,0.00,0.000,0.00,0.000,0.00,0.000,0.00,0.000,0.00,0.000,0.00,0.000,1.00,0.356
2026-10-06 00:32:25.137,subgroup,72,42.09,48.81,399,35.347,514.93,35.086,413489.24,0.000,0.00,0.000,514.93,0.000,0.00,0.000,0.00,0.000,0.00,0.000,0.00,0.000,0.00,0.000,0.00,0.000,0.00,0.000,0.00,0.000,1.00,0.260
2026-10-06 00:32:28.152,subgroup,72,41.88,47.99,399,35.137,506.08,34.844,406384.92,0.000,0.00,0.000,506.08,0.000,0.00,0.000,0.00,0.000,0.00,0.000,0.00,0.000,0.00,0.000,0.00,0.000,0.00,0.000,0.00,0.000,1.00,0.293
2026-10-06 00:32:31.184,subgroup,72,42.10,48.76,399,34.571,410.74,33.971,329821.10,0.000,0.00,0.000,410.74,0.000,0.00,0.000,0.00,0.000,0.00,0.000,0.00,0.000,0.00,0.000,0.00,0.000,0.00,0.000,0.00,0.000,1.00,0.600
2026-10-06 00:32:34.199,subgroup,72,41.88,49.94,399,34.132,377.22,33.742,302909.44,0.000,0.00,0.000,377.22,0.000,0.00,0.000,0.00,0.000,0.00,0.000,0.00,0.000,0.00,0.000,0.00,0.000,0.00,0.000,0.00,0.000,1.00,0.390
2026-10-06 00:32:37.230,subgroup,72,42.10,49.83,399,34.732,377.93,34.287,303478.24,0.000,0.00,0.000,377.93,0.000,0.00,0.000,0.00,0.000,0.00,0.000,0.00,0.000,0.00,0.000,0.00,0.000,0.00,0.000,0.00,0.000,1.00,0.445
2026-10-06 00:32:40.252,subgroup,72,41.97,56.89,399,34.967,439.19,34.526,352673.14,0.000,0.00,0.000,439.19,0.000,0.00,0.000,0.00,0.000,0.00,0.000,0.00,0.000,0.00,0.000,0.00,0.000,0.00,0.000,0.00,0.000,1.00,0.441
2026-10-06 00:32:43.288,subgroup,72,42.16,65.72,399,34.251,348.53,33.894,279867.81,0.000,0.00,0.000,348.53,0.000,0.00,0.000,0.00,0.000,0.00,0.000,0.00,0.000,0.00,0.000,0.00,0.000,0.00,0.000,0.00,0.000,1.00,0.356
2026-10-06 00:32:46.293,subgroup,72,41.75,61.64,399,35.229,471.62,34.886,378714.88,0.000,0.00,0.000,471.62,0.000,0.00,0.000,0.00,0.000,0.00,0.000,0.00,0.000,0.00,0.000,0.00,0.000,0.00,0.000,0.00,0.000,1.00,0.343
2026-10-06 00:32:49.333,subgroup,72,42.22,62.68,399,35.364,450.64,34.920,361863.03,0.000,0.00,0.000,450.64,0.000,0.00,0.000,0.00,0.000,0.00,0.000,0.00,0.000,0.00,0.000,0.00,0.000,0.00,0.000,0.00,0.000,1.00,0.444
2026-10-06 00:32:52.340,subgroup,72,41.79,64.17,399,35.164,456.89,34.770,366881.78,0.000,0.00,0.000,456.89,0.000,0.00,0.000,0.00,0.000,0.00,0.000,0.00,0.000,0.00,0.000,0.00,0.000,0.00,0.000,0.00,0.000,1.00,0.394
2026-10-06 00:32:55.386,subgroup,72,42.28,57.52,399,35.102,413.82,34.691,332297.01,0.000,0.00,0.000,413.82,0.000,0.00,0.000,0.00,0.000,0.00,0.000,0.00,0.000,0.00,0.000,0.00,0.000,0.00,0.000,0.00,0.000,1.00,0.411
2026-10-06 00:34:05.496,subgroup,72,56.21,65.14,0,0.590,0.03,0.000,0.00,0.000,0.00,0.000,0.00,0.000,0.00,0.000,0.00,0.000,0.00,0.000,0.00,0.000,0.00,0.000,0.00,0.000,0.00,0.000,0.00,0.000,1.00,0.590
2026-10-06 00:34:09.527,subgroup,72,55.99,67.82,400,8.837,5821.74,8.257,360.00,0.000,0.01,0.000,5821.72,0.000,0.01,0.001,2.29,0.000,5.56,0.000,2.01,0.000,0.00,0.000,0.01,0.002,22.28,0.000,0.00,0.000,1.00,0.577
2026-10-06 00:34:13.562,subgroup,72,56.06,67.48,400,10.626,6805.47,10.045,405.00,0.000,0.00,0.000,6805.47,0.000,0.00,0.000,17.28,0.001,0.00,0.000,0.00,0.000,0.00,0.000,0.00,0.000,16.71,0.000,0.01,0.000,1.00,0.580
2026-10-06 00:34:17.590,subgroup,72,55.93,71.28,400,18.892,15188.79,18.465,405.00,0.000,0.00,0.000,15188.79,0.000,0.00,0.000,2.86,0.000,0.00,0.000,0.00,0.000,0.00,0.000,0.00,0.000,0.00,0.000,0.00,0.000,1.00,0.426
2026-10-06 00:34:21.624,subgroup,72,56.03,66.09,400,20.383,25823.86,20.129,405.00,0.000,0.00,0.000,25823.86,0.000,0.00,0.000,1.03,0.000,0.00,0.000,0.00,0.000,0.00,0.000,0.00,0.000,0.00,0.000,0.00,0.000,1.00,0.254
2026-10-06 00:34:25.653,subgroup,72,55.95,67.72,400,18.836,12592.62,18.311,405.00,0.000,0.00,0.000,12592.62,0.000,0.00,0.000,1.03,0.000,0.00,0.000,0.00,0.000,0.00,0.000,0.00,0.000,0.00,0.000,0.00,0.000,1.00,0.524
2026-10-06 00:34:29.684,subgroup,72,55.99,64.36,400,20.360,17787.69,20.033,405.00,0.000,0.00,0.000,17787.69,0.000,0.00,0.000,1.03,0.000,0.00,0.000,0.00,0.000,0.00,0.000,0.00,0.000,0.00,0.000,0.00,0.000,1.00,0.327
2026-10-06 00:34:33.714,subgroup,72,55.98,65.87,400,20.095,15784.68,19.794,405.00,0.000,0.00,0.000,15784.68,0.000,0.00,0.000,1.00,0.000,0.00,0.000,0.00,0.000,0.00,0.000,0.00,0.000,0.00,0.000,0.00,0.000,1.00,0.301
2026-10-06 00:34:37.748,subgroup,72,56.03,141.06,400,16.560,12380.89,15.021,405.00,0.000,0.00,0.000,12380.89,0.000,0.00,0.000,1.00,0.000,0.00,0.000,0.00,0.000,0.00,0.000,0.00,0.000,0.00,0.000,0.00,0.000,1.00,1.539
2026-10-06 00:34:41.778,subgroup,72,55.96,75.46,400,12.758,8492.86,11.048,405.00,0.000,0.00,0.000,8492.86,0.000,0.00,0.000,1.03,0.000,0.00,0.000,0.00,0.000,0.00,0.000,0.00,0.000,0.00,0.000,0.00,0.000,1.00,1.709
2026-10-06 00:34:45.809,subgroup,72,55.98,63.46,400,20.665,17539.28,20.372,405.00,0.000,0.00,0.000,17539.28,0.000,0.00,0.000,1.03,0.000,0.00,0.000,0.00,0.000,0.00,0.000,0.00,0.000,0.00,0.000,0.00,0.000,1.00,0.292
2026-10-06 00:34:49.843,subgroup,72,56.03,71.96,400,15.408,7972.17,13.299,405.00,0.000,0.00,0.000,7972.17,0.000,0.00,0.000,1.00,0.000,0.00,0.000,0.00,0.000,0.00,0.000,0.00,0.000,0.00,0.000,0.00,0.000,1.00,2.109
2026-10-06 00:34:53.878,subgroup,72,56.09,126.41,400,12.745,3780.93,10.632,405.00,0.000,0.00,0.000,3780.93,0.000,0.00,0.000,1.00,0.000,0.00,0.000,0.00,0.000,0.00,0.000,0.00,0.000,0.00,0.000,0.00,0.000,1.00,2.112
2026-10-06 00:34:57.915,subgroup,72,56.01,77.72,400,18.983,11681.86,18.480,405.00,0.000,0.00,0.000,11681.86,0.000,0.00,0.000,1.03,0.000,0.00,0.000,0.00,0.000,0.00,0.000,0.00,0.000,0.00,0.000,0.00,0.000,1.00,0.503
2026-10-06 00:35:01.934,subgroup,72,55.83,74.34,400,20.586,12425.08,20.057,405.00,0.000,0.00,0.000,12425.08,0.000,0.00,0.000,1.03,0.000,0.00,0.000,0.00,0.000,0.00,0.000,0.00,0.000,0.00,0.000,0.00,0.000,1.00,0.529
2026-10-06 00:35:05.965,subgroup,72,55.98,71.74,400,18.593,15434.29,18.233,405.00,0.000,0.00,0.000,15434.29,0.000,0.00,0.000,1.03,0.000,0.00,0.000,0.00,0.000,0.00,0.000,0.00,0.000,0.00,0.000,0.00,0.000,1.00,0.360
2026-10-06 00:35:09.996,subgroup,72,56.00,70.19,400,18.081,10538.28,17.449,405.00,0.000,0.00,0.000,10538.28,0.000,0.00,0.000,1.03,0.000,0.00,0.000,0.00,0.000,0.00,0.000,0.00,0.000,0.00,0.000,0.00,0.000,1.00,0.632
2026-10-06 00:35:14.027,subgroup,72,55.98,74.74,400,18.259,14768.11,17.858,405.00,0.000,0.00,0.000,14768.11,0.000,0.00,0.000,1.00,0.000,0.00,0.000,0.00,0.000,0.00,0.000,0.00,0.000,0.00,0.000,0.00,0.000,1.00,0.401
2026-10-06 00:35:41.340,subgroup,72,56.21,68.30,400,3.537,2405.18,3.055,106.88,0.000,0.01,0.000,2405.14,0.000,0.01,0.001,2.29,0.000,5.56,0.000,2.01,0.000,0.00,0.000,0.01,0.002,0.00,0.000,0.00,0.000,1.00,0.479
2026-10-06 00:35:45.371,subgroup,72,55.99,67.14,400,10.252,7608.10,9.710,405.00,0.000,0.00,0.000,7608.10,0.000,0.00,0.000,0.00,0.000,0.00,0.000,0.00,0.000,0.00,0.000,0.00,0.000,22.28,0.000,0.00,0.000,1.00,0.541
2026-10-06 00:35:49.402,subgroup,72,55.99,65.88,400,9.155,6545.21,8.745,405.00,0.000,0.00,0.000,6545.21,0.000,0.00,0.000,0.00,0.000,0.00,0.000,0.00,0.000,0.00,0.000,0.00,0.000,55.69,0.000,0.00,0.000,1.00,0.410
2026-10-06 00:35:52.684,subgroup,72,45.58,64.34,400,10.576,8511.50,10.260,405.00,0.000,0.00,0.000,8511.50,0.000,0.00,0.000,0.00,0.000,0.00,0.000,0.00,0.000,0.00,0.000,0.00,0.000,0.00,0.000,0.00,0.000,1.00,0.317
2026-10-06 00:35:55.715,subgroup,72,42.09,51.18,400,8.539,6180.39,8.051,388.14,0.000,0.00,0.000,6815.57,0.000,0.00,0.000,6.89,0.001,0.00,0.000,0.00,0.000,0.00,0.000,0.00,0.000,44.56,0.000,0.03,0.000,1.00,0.488
2026-10-06 00:35:58.746,subgroup,72,42.11,49.42,400,10.067,7426.11,9.731,404.74,0.000,0.03,0.006,7426.06,0.000,0.06,0.001,9.17,0.001,11.07,0.000,3.99,0.000,0.00,0.000,0.03,0.007,0.00,0.000,0.00,0.000,1.00,0.322
2026-10-06 00:36:01.761,subgroup,72,41.89,50.96,398,7.102,4046.69,6.446,397.71,0.000,0.15,0.091,4046.40,0.000,0.46,0.008,79.35,0.006,59.89,0.000,20.93,0.000,0.00,0.000,0.15,0.035,0.00,0.000,0.00,0.000,1.00,0.516
2026-10-06 00:36:04.798,subgroup,72,42.16,93.69,387,4.846,2672.60,4.128,351.18,0.000,0.08,0.015,3094.00,0.000,0.46,0.008,78.85,0.007,31.96,0.000,10.71,0.000,0.00,0.000,0.08,0.090,10.75,0.000,0.03,0.000,1.00,0.598
2026-10-06 00:36:07.809,subgroup,72,41.83,80.45,381,4.209,2709.11,3.766,333.33,0.000,0.04,0.006,2774.56,0.000,0.31,0.005,47.03,0.003,11.46,0.000,3.46,0.000,0.00,0.000,0.04,0.020,10.58,0.000,0.03,0.000,1.00,0.408
2026-10-06 00:36:10.839,subgroup,72,42.09,54.83,66,4.136,2366.06,3.585,63.17,0.000,0.00,0.000,3099.76,0.000,0.22,0.003,22.01,0.002,0.00,0.000,0.00,0.000,0.00,0.000,0.00,0.000,3.72,0.000,0.07,0.000,1.00,0.546
2026-10-06 00:36:13.858,subgroup,72,41.93,53.78,66,6.256,3831.49,5.835,70.03,0.000,0.00,0.000,3973.92,0.000,0.22,0.006,22.00,0.002,0.00,0.000,0.00,0.000,0.00,0.000,0.00,0.000,7.44,0.000,0.01,0.000,1.00,0.413
2026-10-06 00:36:16.887,subgroup,72,42.07,51.83,65,5.428,3301.25,4.978,69.29,0.000,0.04,0.001,3301.08,0.000,0.35,0.005,33.24,0.002,2.67,0.000,0.00,0.000,0.00,0.000,0.04,0.001,27.22,0.000,0.00,0.000,1.00,0.441
2026-10-06 00:36:19.905,subgroup,72,41.91,52.40,63,7.806,6654.65,7.541,64.76,0.000,0.07,0.001,6654.51,0.000,0.38,0.006,33.88,0.002,4.17,0.000,0.00,0.000,0.00,0.000,0.07,0.002,18.56,0.000,0.00,0.000,1.00,0.253
2026-10-06 00:36:22.933,subgroup,72,42.05,50.99,58,6.226,3759.03,5.651,54.61,0.000,0.06,0.001,4399.64,0.000,0.53,0.008,41.81,0.003,3.08,0.000,0.00,0.000,0.00,0.000,0.06,0.002,4.81,0.000,0.03,0.000,1.00,0.562
2026-10-06 00:36:25.949,subgroup,72,41.88,51.61,54,5.888,3820.12,5.554,53.67,0.000,0.12,0.001,3819.85,0.000,0.64,0.010,41.56,0.003,6.12,0.000,0.00,0.000,0.00,0.000,0.12,0.004,0.00,0.000,0.00,0.000,1.00,0.317
2026-10-06 00:36:28.981,subgroup,72,42.11,51.28,45,7.142,4543.40,6.765,47.90,0.000,0.06,0.000,4543.12,0.000,0.42,0.006,22.06,0.023,2.36,0.000,0.00,0.000,0.00,0.000,0.06,0.001,0.00,0.000,0.00,0.000,1.00,0.347
2026-10-06 00:36:31.996,subgroup,72,41.88,51.46,41,8.779,6806.56,8.399,45.40,0.000,0.01,0.000,6806.36,0.000,0.22,0.004,10.61,0.001,0.56,0.000,0.00,0.000,0.00,0.000,0.01,0.000,0.00,0.000,0.00,0.000,1.00,0.375
2026-10-06 00:36:35.027,subgroup,72,42.11,49.17,40,9.244,6635.86,8.834,44.21,0.000,0.01,0.000,6635.75,0.000,0.14,0.002,6.31,0.000,0.54,0.000,0.00,0.000,0.00,0.000,0.01,0.000,0.00,0.000,0.00,0.000,1.00,0.406
2026-10-06 00:36:38.043,subgroup,72,41.87,50.14,39,8.824,5970.65,8.256,44.00,0.000,0.00,0.000,5970.58,0.000,0.07,0.001,3.12,0.038,0.00,0.000,0.00,0.000,0.00,0.000,0.00,0.000,0.00,0.000,0.00,0.000,1.00,0.529
2026-10-06 00:36:41.074,subgroup,72,42.10,49.51,39,10.031,7370.47,9.671,44.00,0.000,0.00,0.000,7370.47,0.000,0.00,0.000,0.00,0.000,0.00,0.000,0.00,0.000,0.00,0.000,0.00,0.000,0.00,0.000,0.00,0.000,1.00,0.360
2026-10-06 00:36:46.874,leader,72,42.12,50.85,398,11.088,6246.19,10.460,0.00,0.000,0.01,0.000,6246.18,0.000,0.01,0.000,2.29,0.000,5.53,0.000,1.99,0.000,0.00,0.000,0.01,0.027,11.08,0.000,0.00,0.000,0.99,0.600
2026-10-06 00:36:49.902,leader,72,42.06,62.05,398,7.916,4440.12,7.612,0.00,0.000,0.00,0.000,4440.12,0.000,0.00,0.000,0.00,0.000,0.00,0.000,0.00,0.000,0.00,0.000,0.00,0.000,88.67,0.000,0.00,0.000,1.00,0.303
2026-10-06 00:36:52.918,leader,72,41.89,60.22,398,8.288,4694.54,7.981,0.00,0.000,0.00,0.000,4694.54,0.000,0.00,0.000,0.00,0.000,0.00,0.000,0.00,0.000,0.00,0.000,0.00,0.000,66.50,0.000,0.00,0.000,1.00,0.307
2026-10-06 00:36:55.949,leader,72,42.09,53.24,398,9.072,4888.35,8.744,0.00,0.000,0.00,0.000,4888.35,0.000,0.00,0.000,0.00,0.000,0.00,0.000,0.00,0.000,0.00,0.000,0.00,0.000,38.79,0.000,0.01,0.000,1.00,0.329
2026-10-06 00:36:58.965,leader,72,41.89,51.98,398,11.489,6505.92,11.087,0.00,0.000,0.01,0.000,6505.90,0.000,0.01,0.000,0.67,0.000,0.33,0.000,0.00,0.000,0.00,0.000,0.01,0.002,0.69,0.000,0.00,0.000,1.00,0.399
2026-10-06 00:37:01.998,leader,72,42.12,50.77,24,11.258,5389.85,10.846,0.00,0.000,0.01,0.000,5389.83,0.000,0.01,0.000,0.12,0.000,0.12,0.000,0.00,0.000,0.00,0.000,0.01,0.000,3.33,0.000,0.00,0.000,1.00,0.411
2026-10-06 00:37:05.012,leader,72,41.86,50.47,16,10.580,5398.81,10.208,0.00,0.000,0.01,0.000,5398.79,0.000,0.01,0.000,0.22,0.000,0.22,0.000,0.00,0.000,0.00,0.000,0.01,0.000,3.31,0.000,0.00,0.000,1.00,0.372
2026-10-06 00:37:10.183,subgroup,72,42.10,51.17,16,10.764,5965.06,10.131,21.00,0.000,0.00,0.000,5965.06,0.000,0.00,0.000,0.00,0.000,0.00,0.000,0.00,0.000,0.00,0.000,0.00,0.000,3.78,0.000,0.00,0.000,0.99,0.632
2026-10-06 00:37:13.199,subgroup,72,41.89,50.06,16,9.893,5908.04,9.321,21.00,0.000,0.00,0.000,5908.04,0.000,0.00,0.000,0.00,0.000,0.00,0.000,0.00,0.000,0.00,0.000,0.00,0.000,3.31,0.000,0.00,0.000,1.00,0.572
